"canonical_key","title_key","text","lang"
surfbrett,item.surfbrett.title,Surfbrett,de
styropor,item.styropor.title,Styropor®,de
s_dfr_chte,item.s_dfr_chte.title,Südfrüchte,de
super_8_filme,item.super_8_filme.title,Super-8-Filme,de
kuchen,item.kuchen.title,Kuchen,de
stubben,item.stubben.title,Stubben,de
draht,item.draht.title,Draht,de
nitrolacke,item.nitrolacke.title,Nitrolacke,de
terrassenfliesen_aus_kunststoff_wpc,item.terrassenfliesen_aus_kunststoff_wpc.title,"Terrassenfliesen aus Kunststoff (""WPC"")",de
elektromotoren_kleintechnik,item.elektromotoren_kleintechnik.title,Elektromotoren (Kleintechnik),de
streusalz,item.streusalz.title,Streusalz,de
streu,item.streu.title,Streu,de
kuscheltiere,item.kuscheltiere.title,Kuscheltiere,de
kunststofft_te,item.kunststofft_te.title,Kunststofftüte,de
kupplungstr_ger_f_r_fahrr_der,item.kupplungstr_ger_f_r_fahrr_der.title,Kupplungsträger für Fahrräder,de
tuben,item.tuben.title,Tuben,de
kunststoffverpackung,item.kunststoffverpackung.title,Kunststoffverpackung,de
kunststoff,item.kunststoff.title,Kunststoff,de
sonnencremes,item.sonnencremes.title,Sonnencremes,de
kunststoffputze,item.kunststoffputze.title,Kunststoffputze,de
duschwanne,item.duschwanne.title,Duschwanne,de
fu_bodenbel_ge,item.fu_bodenbel_ge.title,Fußbodenbeläge,de
frostschutzmittel,item.frostschutzmittel.title,Frostschutzmittel,de
f_llschaum,item.f_llschaum.title,Füllschaum,de
fugenkleber,item.fugenkleber.title,Fugenkleber,de
frittierfette_speise_le,item.frittierfette_speise_le.title,Frittierfette/Speiseöle,de
fotos_fotopapier,item.fotos_fotopapier.title,Fotos/Fotopapier,de
fotonegative_negative,item.fotonegative_negative.title,Fotonegative/ Negative,de
fotokopierger_te,item.fotokopierger_te.title,Fotokopiergeräte,de
f_n,item.f_n.title,Fön,de
folien_pe_folien,item.folien_pe_folien.title,"Folien, PE-Folien",de
fotochemikalien,item.fotochemikalien.title,Fotochemikalien,de
floor_flex_platten,item.floor_flex_platten.title,Floor Flex-Platten,de
fliesenkleber_fl_ssig_angemischt,item.fliesenkleber_fl_ssig_angemischt.title,Fliesenkleber flüssig / angemischt,de
holzfensterrahmen,item.holzfensterrahmen.title,Holzfensterrahmen,de
fleischreste,item.fleischreste.title,Fleischreste,de
fl_ssigkleber,item.fl_ssigkleber.title,Flüssigkleber,de
fliesenkleber_ausgeh_rtet_pulverf_rmig,item.fliesenkleber_ausgeh_rtet_pulverf_rmig.title,Fliesenkleber ausgehärtet / pulverförmig,de
fleisch_und_speisen_verdorben,item.fleisch_und_speisen_verdorben.title,"Fleisch und Speisen, verdorben",de
fischreste,item.fischreste.title,Fischreste,de
fleckentferner,item.fleckentferner.title,Fleckentferner,de
flaschen,item.flaschen.title,Flaschen,de
tauchsieder,item.tauchsieder.title,Tauchsieder,de
filtermaterialien_f_r_pool_teichfilter,item.filtermaterialien_f_r_pool_teichfilter.title,Filtermaterialien für Pool-/Teichfilter,de
feuerzeug,item.feuerzeug.title,Feuerzeug,de
feuerschutzt_ren,item.feuerschutzt_ren.title,Feuerschutztüren,de
fermacellplatten,item.fermacellplatten.title,Fermacellplatten,de
fernseher_tv_ger_t,item.fernseher_tv_ger_t.title,Fernseher / TV-Gerät,de
feuerl_scher,item.feuerl_scher.title,Feuerlöscher,de
bleimennige,item.bleimennige.title,Bleimennige,de
fenster_rahmen,item.fenster_rahmen.title,Fenster/-rahmen,de
federbetten,item.federbetten.title,Federbetten,de
felgenreiniger,item.felgenreiniger.title,Felgenreiniger,de
fensterglas,item.fensterglas.title,Fensterglas,de
federn,item.federn.title,Federn,de
faserzementplatten,item.faserzementplatten.title,Faserzementplatten,de
farb_und_lackreste,item.farb_und_lackreste.title,Farb- und Lackreste,de
faltzelt,item.faltzelt.title,Faltzelt,de
fahrradhelm,item.fahrradhelm.title,Fahrradhelm,de
fallobst,item.fallobst.title,Fallobst,de
fahrradfahrer_airbag_h_vding,item.fahrradfahrer_airbag_h_vding.title,Fahrradfahrer-Airbag (Hövding),de
fahrradbatterien,item.fahrradbatterien.title,Fahrradbatterien,de
blumenk_sten_eternit_asbestzement,item.blumenk_sten_eternit_asbestzement.title,Blumenkästen (Eternit / Asbestzement),de
fahrradanh_nger,item.fahrradanh_nger.title,Fahrradanhänger,de
fahrkarten_bustickets,item.fahrkarten_bustickets.title,Fahrkarten/Bustickets,de
corona_schnelltests,item.corona_schnelltests.title,Corona-Schnelltests,de
elektroaltger_te,item.elektroaltger_te.title,Elektroaltgeräte,de
co2_zylinder,item.co2_zylinder.title,CO2-Zylinder,de
computer,item.computer.title,Computer,de
chlor,item.chlor.title,Chlor,de
ceran_glas,item.ceran_glas.title,Ceran-Glas,de
chips_t_te,item.chips_t_te.title,Chips-Tüte,de
chemietoilette,item.chemietoilette.title,Chemietoilette,de
campingtoilette,item.campingtoilette.title,Campingtoilette,de
besenschrank,item.besenschrank.title,Besenschrank,de
plexigl_ser,item.plexigl_ser.title,Plexigläser,de
cd_cd_rom_dvd_u_blu_ray,item.cd_cd_rom_dvd_u_blu_ray.title,CD/CD-Rom/DVD u. Blu Ray,de
duschreiniger,item.duschreiniger.title,Duschreiniger,de
cam_corder,item.cam_corder.title,Cam-Corder,de
duschabtrennungen_duschkabine,item.duschabtrennungen_duschkabine.title,"Duschabtrennungen, Duschkabine",de
dvd_player,item.dvd_player.title,DVD-Player,de
durchschlagpapier_kohlepapier,item.durchschlagpapier_kohlepapier.title,Durchschlagpapier (Kohlepapier),de
waschbecken,item.waschbecken.title,Waschbecken,de
dunstabzugshauben_filter,item.dunstabzugshauben_filter.title,Dunstabzugshauben Filter,de
dunstabzugshaube,item.dunstabzugshaube.title,Dunstabzugshaube,de
druckerkartuschen,item.druckerkartuschen.title,Druckerkartuschen,de
drei_d_drucker,item.drei_d_drucker.title,Drei-D-Drucker,de
d_ngemittelreste,item.d_ngemittelreste.title,Düngemittelreste,de
speisereste,item.speisereste.title,Speisereste,de
domestos,item.domestos.title,Domestos,de
riesenb_renklau,item.riesenb_renklau.title,Riesenbärenklau,de
signalrakete,item.signalrakete.title,Signalrakete,de
diskette,item.diskette.title,Diskette,de
diesel,item.diesel.title,Diesel,de
dicke_ste,item.dicke_ste.title,Dicke Äste,de
diabetis_sensor,item.diabetis_sensor.title,Diabetis-Sensor,de
dias,item.dias.title,Dias,de
dia_projektoren,item.dia_projektoren.title,Dia-Projektoren,de
d_mmstoffe,item.d_mmstoffe.title,Dämmstoffe,de
desinfektionsmittel_gel,item.desinfektionsmittel_gel.title,"Desinfektionsmittel, -gel",de
dekorationsschwerter,item.dekorationsschwerter.title,Dekorationsschwerter,de
deckenputz_lehmputz,item.deckenputz_lehmputz.title,Deckenputz/Lehmputz,de
d_mmstoffe_hbcd_belastet,item.d_mmstoffe_hbcd_belastet.title,"Dämmstoffe, HBCD-belastet",de
d_mmschaum,item.d_mmschaum.title,Dämmschaum,de
dachpappe,item.dachpappe.title,Dachpappe,de
hygieneartikel,item.hygieneartikel.title,Hygieneartikel,de
d_mmholzwolle,item.d_mmholzwolle.title,Dämmholzwolle,de
kartons,item.kartons.title,Kartons,de
dachschindel,item.dachschindel.title,Dachschindel,de
dachziegel,item.dachziegel.title,Dachziegel,de
dachpfannen,item.dachpfannen.title,Dachpfannen,de
babynahrungsgl_ser,item.babynahrungsgl_ser.title,Babynahrungsgläser,de
hundekot,item.hundekot.title,Hundekot,de
h_hnerstall,item.h_hnerstall.title,Hühnerstall,de
holzwurmtod,item.holzwurmtod.title,Holzwurmtod,de
holzschutzmittel,item.holzschutzmittel.title,Holzschutzmittel,de
holzwolle_leichtbauplatte_sauerkrautplatten,item.holzwolle_leichtbauplatte_sauerkrautplatten.title,Holzwolle-Leichtbauplatte/ Sauerkrautplatten,de
milchkartons,item.milchkartons.title,Milchkartons,de
holzwolle,item.holzwolle.title,Holzwolle,de
holzst_mme,item.holzst_mme.title,Holzstämme,de
holzsp_ne,item.holzsp_ne.title,Holzspäne,de
holzpaletten,item.holzpaletten.title,Holzpaletten,de
baustellenabf_lle,item.baustellenabf_lle.title,Baustellenabfälle,de
holzm_bel,item.holzm_bel.title,Holzmöbel,de
holzlasur,item.holzlasur.title,Holzlasur,de
holzkohle,item.holzkohle.title,Holzkohle,de
holzfenster,item.holzfenster.title,Holzfenster,de
holzbretter,item.holzbretter.title,Holzbretter,de
holzabfall,item.holzabfall.title,Holzabfall,de
holz_behandelt,item.holz_behandelt.title,"Holz, behandelt",de
hifi_anlage,item.hifi_anlage.title,Hifi-Anlage,de
heu_stroh,item.heu_stroh.title,Heu/Stroh,de
herkulesstaude,item.herkulesstaude.title,Herkulesstaude,de
herd,item.herd.title,Herd,de
heraklithplatten,item.heraklithplatten.title,Heraklithplatten,de
helme,item.helme.title,Helme,de
heliumflaschen,item.heliumflaschen.title,Heliumflaschen,de
heizungen,item.heizungen.title,Heizungen,de
heizpilze_mit_gasbetrieben,item.heizpilze_mit_gasbetrieben.title,Heizpilze (mit Gasbetrieben),de
heizk_rper,item.heizk_rper.title,Heizkörper,de
heiz_ltank,item.heiz_ltank.title,Heizöltank,de
durchlauferhitzer,item.durchlauferhitzer.title,Durchlauferhitzer,de
heizkessel,item.heizkessel.title,Heizkessel,de
mikrowelle,item.mikrowelle.title,Mikrowelle,de
heimsolarien,item.heimsolarien.title,Heimsolarien,de
heckenschere,item.heckenschere.title,Heckenschere,de
halonl_scher,item.halonl_scher.title,Halonlöscher,de
heckenschnitt,item.heckenschnitt.title,Heckenschnitt,de
hartkunststoff_pe_pp,item.hartkunststoff_pe_pp.title,Hartkunststoff PE/PP,de
handy,item.handy.title,Handy,de
hannoccino,item.hannoccino.title,Hannoccino,de
k_chenabf_lle,item.k_chenabf_lle.title,Küchenabfälle,de
hammondorgel,item.hammondorgel.title,Hammondorgel,de
h_ckselgut,item.h_ckselgut.title,Häckselgut,de
haarf_rbemittelreste,item.haarf_rbemittelreste.title,Haarfärbemittelreste,de
haare,item.haare.title,Haare,de
estrichstaub,item.estrichstaub.title,Estrichstaub,de
estrich_estrichbeton,item.estrich_estrichbeton.title,Estrich/Estrichbeton,de
erde_mit_gr_erem_stein_findling_und_wurzelanteil,item.erde_mit_gr_erem_stein_findling_und_wurzelanteil.title,"Erde mit größerem Stein-, Findling- und Wurzelanteil",de
erde,item.erde.title,Erde,de
epoxidharz,item.epoxidharz.title,Epoxidharz,de
entwicklerfl_ssigkeit,item.entwicklerfl_ssigkeit.title,Entwicklerflüssigkeit,de
essensreste,item.essensreste.title,Essensreste,de
entkalker,item.entkalker.title,Entkalker,de
energiesparlampen,item.energiesparlampen.title,Energiesparlampen,de
engelshaar,item.engelshaar.title,Engelshaar,de
elektronische_diabetes_pflaster,item.elektronische_diabetes_pflaster.title,Elektronische Diabetes Pflaster,de
elektrokabel,item.elektrokabel.title,Elektrokabel,de
elektroheizpilze,item.elektroheizpilze.title,Elektroheizpilze,de
elektroherd,item.elektroherd.title,Elektroherd,de
einwegkaffeebecher,item.einwegkaffeebecher.title,Einwegkaffeebecher,de
elektroheizk_rper,item.elektroheizk_rper.title,Elektroheizkörper,de
elektroheizger_te,item.elektroheizger_te.title,Elektroheizgeräte,de
einwickelpapier_f_r_bioabfall,item.einwickelpapier_f_r_bioabfall.title,Einwickelpapier (für Bioabfall),de
einmachgl_ser_mit_und_ohne_inhalt,item.einmachgl_ser_mit_und_ohne_inhalt.title,Einmachgläser (mit und ohne Inhalt),de
einmalhandschuhe,item.einmalhandschuhe.title,Einmalhandschuhe,de
eierkohlen,item.eierkohlen.title,Eierkohlen,de
eicheln,item.eicheln.title,Eicheln,de
ec_karten,item.ec_karten.title,EC-Karten,de
e_zigarette,item.e_zigarette.title,E-Zigarette,de
trinkhalme,item.trinkhalme.title,Trinkhalme,de
eierschalen,item.eierschalen.title,Eierschalen,de
e_scooter,item.e_scooter.title,E-Scooter,de
e_mobil,item.e_mobil.title,E-Mobil,de
e_bike_akkus,item.e_bike_akkus.title,E-Bike-Akkus,de
e_bikes,item.e_bikes.title,E-Bikes,de
gummimaterial,item.gummimaterial.title,Gummimaterial,de
grundwasserw_rmepumpe,item.grundwasserw_rmepumpe.title,Grundwasserwärmepumpe,de
gr_ngut,item.gr_ngut.title,Grüngut,de
halogenlampen,item.halogenlampen.title,Halogenlampen,de
gr_nabfall,item.gr_nabfall.title,Grünabfall,de
grillkohle,item.grillkohle.title,Grillkohle,de
grillkohlenasche,item.grillkohlenasche.title,Grillkohlenasche,de
grillanz_nder,item.grillanz_nder.title,Grillanzünder,de
grill,item.grill.title,Grill,de
grassoden,item.grassoden.title,Grassoden,de
grabkr_nze_grabgestecke,item.grabkr_nze_grabgestecke.title,Grabkränze/ Grabgestecke,de
w_schetrockner,item.w_schetrockner.title,Wäschetrockner,de
grabsteine,item.grabsteine.title,Grabsteine,de
gl_hlampen,item.gl_hlampen.title,Glühlampen,de
chlorbleichlauge,item.chlorbleichlauge.title,Chlorbleichlauge,de
glykol,item.glykol.title,Glykol,de
goretex_sympatex_kleidung,item.goretex_sympatex_kleidung.title,"Goretex®-, Sympatex®-Kleidung",de
akkumulatoren,item.akkumulatoren.title,Akkumulatoren,de
glyphosat,item.glyphosat.title,Glyphosat,de
glaswolle_faser,item.glaswolle_faser.title,Glaswolle/-faser,de
glast_r,item.glast_r.title,Glastür,de
glasfaserverst_rkte_kunststoffe_gfk,item.glasfaserverst_rkte_kunststoffe_gfk.title,Glasfaserverstärkte Kunststoffe (GFK),de
glasfasertapete,item.glasfasertapete.title,Glasfasertapete,de
glasfaserkabel,item.glasfaserkabel.title,Glasfaserkabel,de
bidets,item.bidets.title,Bidets,de
gipskarton,item.gipskarton.title,Gipskarton,de
gipsfaserplatte,item.gipsfaserplatte.title,Gipsfaserplatte,de
gfk_welldachplatten,item.gfk_welldachplatten.title,GFK-Welldachplatten,de
giftige_pflanzen,item.giftige_pflanzen.title,Giftige Pflanzen,de
getr_nkedose,item.getr_nkedose.title,Getränkedose,de
gesichtssolarien,item.gesichtssolarien.title,Gesichtssolarien,de
wellplatten_eternit_asbestzement,item.wellplatten_eternit_asbestzement.title,Wellplatten (Eternit / Asbestzement),de
getriebe_l,item.getriebe_l.title,Getriebeöl,de
geschenkband,item.geschenkband.title,Geschenkband,de
geschenkpapier,item.geschenkpapier.title,Geschenkpapier,de
geschirr,item.geschirr.title,Geschirr,de
gem_sereste_roh,item.gem_sereste_roh.title,Gemüsereste (roh),de
geldspielautomat,item.geldspielautomat.title,Geldspielautomat,de
geh_ckseltes_pflanzenmaterial,item.geh_ckseltes_pflanzenmaterial.title,Gehäckseltes Pflanzenmaterial,de
gefrierschr_nke,item.gefrierschr_nke.title,Gefrierschränke,de
gefrierger_t,item.gefrierger_t.title,Gefriergerät,de
gasherd,item.gasherd.title,Gasherd,de
gasofen_gastherme,item.gasofen_gastherme.title,"Gasofen, Gastherme",de
gask_hlschrank_absorberk_hlschrank,item.gask_hlschrank_absorberk_hlschrank.title,Gaskühlschrank/Absorberkühlschrank,de
gaskartuschen_gaspatronen,item.gaskartuschen_gaspatronen.title,Gaskartuschen/ Gaspatronen,de
gasflasche,item.gasflasche.title,Gasflasche,de
gasfeuerzeug,item.gasfeuerzeug.title,Gasfeuerzeug,de
gasbetonsteine,item.gasbetonsteine.title,Gasbetonsteine,de
gasdrucklampen,item.gasdrucklampen.title,Gasdrucklampen,de
gartenkalk,item.gartenkalk.title,Gartenkalk,de
japanischer_staudenkn_terich,item.japanischer_staudenkn_terich.title,Japanischer Staudenknöterich,de
jakobsstaude,item.jakobsstaude.title,Jakobsstaude,de
schl_ssel,item.schl_ssel.title,Schlüssel,de
jakobskreuzkraut,item.jakobskreuzkraut.title,Jakobskreuzkraut,de
isolierschaum,item.isolierschaum.title,Isolierschaum,de
isoliermaterial,item.isoliermaterial.title,Isoliermaterial,de
insektizide_insektenspray_insektenvernichter,item.insektizide_insektenspray_insektenvernichter.title,"Insektizide, Insektenspray, Insektenvernichter",de
inliner,item.inliner.title,Inliner,de
kunstharz,item.kunstharz.title,Kunstharz,de
kraftstoff,item.kraftstoff.title,Kraftstoff,de
kunstrasen,item.kunstrasen.title,Kunstrasen,de
wasserlacke,item.wasserlacke.title,Wasserlacke,de
k_hlger_t,item.k_hlger_t.title,Kühlgerät,de
k_hlerfrostschutz,item.k_hlerfrostschutz.title,Kühlerfrostschutz,de
kreiss_ge,item.kreiss_ge.title,Kreissäge,de
kronkorken,item.kronkorken.title,Kronkorken,de
kr_uter,item.kr_uter.title,Kräuter,de
kraftfahrzeuge_kraftfahrzeugteile,item.kraftfahrzeuge_kraftfahrzeugteile.title,"Kraftfahrzeuge, Kraftfahrzeugteile",de
korken,item.korken.title,Korken,de
kochtopf,item.kochtopf.title,Kochtopf,de
abbruchh_lzer,item.abbruchh_lzer.title,Abbruchhölzer,de
konvektionsheizungen,item.konvektionsheizungen.title,Konvektionsheizungen,de
kontaminiertes_altholz,item.kontaminiertes_altholz.title,Kontaminiertes Altholz,de
kontaminierter_boden,item.kontaminierter_boden.title,Kontaminierter Boden,de
kondensatoren,item.kondensatoren.title,Kondensatoren,de
konservendosen,item.konservendosen.title,Konservendosen,de
kohle,item.kohle.title,Kohle,de
kohlebriketts,item.kohlebriketts.title,Kohlebriketts,de
kochtopf_1,item.kochtopf_1.title,Kochtopf,de
knochen,item.knochen.title,Knochen,de
kochplatten_felder,item.kochplatten_felder.title,"Kochplatten, -felder",de
klimaanlagen,item.klimaanlagen.title,Klimaanlagen,de
knaller,item.knaller.title,Knaller,de
kleiderb_gel_spannb_gel,item.kleiderb_gel_spannb_gel.title,Kleiderbügel/Spannbügel,de
kleider,item.kleider.title,Kleider,de
kleintierstreu,item.kleintierstreu.title,Kleintierstreu,de
klebstoff,item.klebstoff.title,Klebstoff,de
kisten,item.kisten.title,Kisten,de
klavier,item.klavier.title,Klavier,de
kindersitz_f_r_fahrrad_f_r_auto,item.kindersitz_f_r_fahrrad_f_r_auto.title,"Kindersitz für Fahrrad, für Auto",de
kies,item.kies.title,Kies,de
pizzakartons,item.pizzakartons.title,Pizzakartons,de
kinderelektroauto,item.kinderelektroauto.title,Kinderelektroauto,de
kettens_ge_mit_elektromotor,item.kettens_ge_mit_elektromotor.title,Kettensäge mit Elektromotor,de
kerzen,item.kerzen.title,Kerzen,de
katzenstreu,item.katzenstreu.title,Katzenstreu,de
kesseldruckimpr_gniertes_holz,item.kesseldruckimpr_gniertes_holz.title,Kesseldruckimprägniertes Holz,de
schrott_sperrig,item.schrott_sperrig.title,Schrott (sperrig),de
keramik,item.keramik.title,Keramik,de
gebrauchsgegenst_nde_gro,item.gebrauchsgegenst_nde_gro.title,Gebrauchsgegenstände (groß),de
kleinteiliger_schrott,item.kleinteiliger_schrott.title,Kleinteiliger Schrott,de
kastanienlaub,item.kastanienlaub.title,Kastanienlaub,de
kosmetiktuch,item.kosmetiktuch.title,Kosmetiktuch,de
kastanien,item.kastanien.title,Kastanien,de
kastanienlaub_von_der_miniermotte_befallen,item.kastanienlaub_von_der_miniermotte_befallen.title,"Kastanienlaub, von der Miniermotte befallen",de
kartonagen,item.kartonagen.title,Kartonagen,de
trinkglas,item.trinkglas.title,Trinkglas,de
kassenbons_kassenzettel,item.kassenbons_kassenzettel.title,Kassenbons/ Kassenzettel,de
kartoffelschalen_roh,item.kartoffelschalen_roh.title,Kartoffelschalen (roh),de
karosserieteile,item.karosserieteile.title,Karosserieteile,de
kanu,item.kanu.title,Kanu,de
kanadische_goldrute,item.kanadische_goldrute.title,Kanadische Goldrute,de
kaminofen,item.kaminofen.title,Kaminofen,de
kalziumsilikatplatten,item.kalziumsilikatplatten.title,Kalziumsilikatplatten,de
kalilauge,item.kalilauge.title,Kalilauge,de
kalkputz_gipssputz,item.kalkputz_gipssputz.title,Kalkputz/Gipssputz,de
kajak,item.kajak.title,Kajak,de
k_fig_von_kleintieren,item.k_fig_von_kleintieren.title,Käfig von Kleintieren,de
kaffeepads,item.kaffeepads.title,Kaffeepads,de
kaffeesatz,item.kaffeesatz.title,Kaffeesatz,de
kaffeemaschine,item.kaffeemaschine.title,Kaffeemaschine,de
kaffeekapseln,item.kaffeekapseln.title,Kaffeekapseln,de
kaffeefilter,item.kaffeefilter.title,Kaffeefilter,de
kaffeebecher,item.kaffeebecher.title,Kaffeebecher,de
kadaver,item.kadaver.title,Kadaver,de
kabel,item.kabel.title,Kabel,de
orgel,item.orgel.title,Orgel,de
onduline_bitumenwellplatten,item.onduline_bitumenwellplatten.title,Onduline Bitumenwellplatten,de
ltank,item.ltank.title,Öltank,de
lsand,item.lsand.title,Ölsand,de
lradiator,item.lradiator.title,Ölradiator,de
lfilter,item.lfilter.title,Ölfilter,de
l_und_benzinabscheiderinhalt,item.l_und_benzinabscheiderinhalt.title,Öl- und Benzinabscheiderinhalt,de
l,item.l.title,Öl,de
obstschalen_obstkerne,item.obstschalen_obstkerne.title,Obstschalen/Obstkerne,de
blument_pfe_kunststoff,item.blument_pfe_kunststoff.title,Blumentöpfe (Kunststoff),de
obstkisten,item.obstkisten.title,Obstkisten,de
fen,item.fen.title,Öfen,de
pvc_asbest_platten,item.pvc_asbest_platten.title,PVC-Asbest-Platten,de
putzmittel,item.putzmittel.title,Putzmittel,de
obst,item.obst.title,Obst,de
puppenwagen_karre,item.puppenwagen_karre.title,"Puppenwagen ,-karre",de
pvc_bodenbelag,item.pvc_bodenbelag.title,PVC Bodenbelag,de
baum_und_strauchschnitt,item.baum_und_strauchschnitt.title,Baum- und Strauchschnitt,de
blumenk_sten_kunststoff,item.blumenk_sten_kunststoff.title,Blumenkästen (Kunststoff),de
pu_schaum,item.pu_schaum.title,PU-Schaum,de
power_stationen_f_r_kfz,item.power_stationen_f_r_kfz.title,Power Stationen für KFZ,de
pooltabs,item.pooltabs.title,Pooltabs,de
pop_up_zelt,item.pop_up_zelt.title,Pop up Zelt,de
pool_teichfilter,item.pool_teichfilter.title,Pool-/Teichfilter,de
poller,item.poller.title,Poller,de
pizzakarton,item.pizzakarton.title,Pizzakarton,de
pkw_batterie,item.pkw_batterie.title,Pkw-Batterie,de
photovoltaikanlagen,item.photovoltaikanlagen.title,Photovoltaikanlagen,de
pflastersteine,item.pflastersteine.title,Pflastersteine,de
quecksilber_und_quecksilberhaltige_abf_lle,item.quecksilber_und_quecksilberhaltige_abf_lle.title,Quecksilber und quecksilberhaltige Abfälle,de
pferdesattel,item.pferdesattel.title,Pferdesattel,de
pferdemist,item.pferdemist.title,Pferdemist,de
pfanne,item.pfanne.title,Pfanne,de
kunststofffass,item.kunststofffass.title,Kunststofffass,de
pf_hle,item.pf_hle.title,Pfähle,de
perlitsch_ttung,item.perlitsch_ttung.title,Perlitschüttung,de
paravant,item.paravant.title,Paravant,de
munition_z_b_gaspatronen,item.munition_z_b_gaspatronen.title,"Munition, (z. B. Gaspatronen)",de
pedelecs,item.pedelecs.title,Pedelecs,de
partyzelte,item.partyzelte.title,Partyzelte,de
parkettstaub,item.parkettstaub.title,Parkettstaub,de
parkettfu_boden,item.parkettfu_boden.title,Parkettfußboden,de
getr_nkedosen,item.getr_nkedosen.title,Getränkedosen,de
parathion_e_605_pflanzenschutzmittel,item.parathion_e_605_pflanzenschutzmittel.title,Parathion (E-605)/Pflanzenschutzmittel,de
papierbasierte_legoverpackungsbeutel,item.papierbasierte_legoverpackungsbeutel.title,Papierbasierte Legoverpackungsbeutel,de
pappbecher,item.pappbecher.title,Pappbecher,de
parabolantenne_satellitensch_ssel,item.parabolantenne_satellitensch_ssel.title,Parabolantenne / Satellitenschüssel,de
papiertaschentuch,item.papiertaschentuch.title,Papiertaschentuch,de
papierkaffeebecher,item.papierkaffeebecher.title,Papierkaffeebecher,de
t_rbl_tter,item.t_rbl_tter.title,Türblätter,de
quecksilber,item.quecksilber.title,Quecksilber,de
quarzsand,item.quarzsand.title,Quarzsand,de
papier,item.papier.title,Papier,de
musikkassetten,item.musikkassetten.title,Musikkassetten,de
prospekte,item.prospekte.title,Prospekte,de
papierhandt_cher,item.papierhandt_cher.title,Papierhandtücher,de
mund_nasen_schutz,item.mund_nasen_schutz.title,Mund-Nasen-Schutz,de
mp3_player_walkman,item.mp3_player_walkman.title,MP3-Player / Walkman,de
motorradbatterie,item.motorradbatterie.title,Motorradbatterie,de
motor_l,item.motor_l.title,Motoröl,de
motorrad,item.motorrad.title,Motorrad,de
motorradhelm,item.motorradhelm.title,Motorradhelm,de
moos,item.moos.title,Moos,de
montageschaum_ausgeh_rtet,item.montageschaum_ausgeh_rtet.title,Montageschaum ausgehärtet,de
monitor,item.monitor.title,Monitor,de
tonerkartuschen,item.tonerkartuschen.title,Tonerkartuschen,de
mofa,item.mofa.title,Mofa,de
m_bel_oder_sperrgut_mit_brandsch_den,item.m_bel_oder_sperrgut_mit_brandsch_den.title,Möbel oder Sperrgut mit Brandschäden,de
m_bel_oder_sperrabf_lle_mit_schimmelbefall,item.m_bel_oder_sperrabf_lle_mit_schimmelbefall.title,Möbel oder Sperrabfälle mit Schimmelbefall,de
m_bel_oder_sperrabf_lle_mit_holzwurm_sch_dlingsbefall,item.m_bel_oder_sperrabf_lle_mit_holzwurm_sch_dlingsbefall.title,Möbel oder Sperrabfälle mit Holzwurm-/Schädlingsbefall,de
mixer,item.mixer.title,Mixer,de
minik_che,item.minik_che.title,Miniküche,de
mineralwolle_faser,item.mineralwolle_faser.title,"Mineralwolle, -faser",de
mineral_l,item.mineral_l.title,Mineralöl,de
milcht_te,item.milcht_te.title,Milchtüte,de
metall,item.metall.title,Metall,de
mehrkomponentenkleber,item.mehrkomponentenkleber.title,Mehrkomponentenkleber,de
melamin_fu_bodenbelag,item.melamin_fu_bodenbelag.title,Melamin Fußbodenbelag,de
medikamente,item.medikamente.title,Medikamente,de
matratze,item.matratze.title,Matratze,de
t_ren_kunststoff,item.t_ren_kunststoff.title,Türen (Kunststoff),de
masten,item.masten.title,Masten,de
markisen,item.markisen.title,Markisen,de
natronlauge,item.natronlauge.title,Natronlauge,de
nylonstr_mpfe,item.nylonstr_mpfe.title,Nylonstrümpfe,de
malerflies,item.malerflies.title,Malerflies,de
nickelbatterien,item.nickelbatterien.title,Nickelbatterien,de
nahrungsreste_tierisch_verdorben_gekocht,item.nahrungsreste_tierisch_verdorben_gekocht.title,"Nahrungsreste (tierisch, verdorben, gekocht)",de
nahrungsreste_pflanzlich_ungekocht,item.nahrungsreste_pflanzlich_ungekocht.title,Nahrungsreste (pflanzlich/ungekocht),de
nagellack_entferner,item.nagellack_entferner.title,Nagellack-Entferner,de
nachtspeicher_fen,item.nachtspeicher_fen.title,Nachtspeicheröfen,de
round_up,item.round_up.title,Round-Up,de
rostumwandler,item.rostumwandler.title,Rostumwandler,de
rostschutzmittel,item.rostschutzmittel.title,Rostschutzmittel,de
restabfall,item.restabfall.title,Restabfall,de
rollstuhl,item.rollstuhl.title,Rollstuhl,de
rollrasen,item.rollrasen.title,Rollrasen,de
rollschuhe,item.rollschuhe.title,Rollschuhe,de
rollator,item.rollator.title,Rollator,de
kampfmittel,item.kampfmittel.title,Kampfmittel,de
fahrradreifen,item.fahrradreifen.title,Fahrradreifen,de
rodungsabf_lle,item.rodungsabf_lle.title,Rodungsabfälle,de
rigips,item.rigips.title,Rigips,de
rigips_gipskarton_mit_anhaftungen,item.rigips_gipskarton_mit_anhaftungen.title,Rigips/ Gipskarton mit Anhaftungen,de
rettungswesten,item.rettungswesten.title,Rettungswesten,de
reste_aus_dem_3d_drucker,item.reste_aus_dem_3d_drucker.title,Reste aus dem 3D-Drucker,de
metallrohre,item.metallrohre.title,Metallrohre,de
regal,item.regal.title,Regal,de
recupbecher_wiederverwendbare_kaffeebecher,item.recupbecher_wiederverwendbare_kaffeebecher.title,Recupbecher/ wiederverwendbare Kaffeebecher,de
rauchmelder,item.rauchmelder.title,Rauchmelder,de
rasensoden_grassoden,item.rasensoden_grassoden.title,Rasensoden / Grassoden,de
rasenm_her,item.rasenm_her.title,Rasenmäher,de
radtr_ger_f_r_anh_ngerkupplungen,item.radtr_ger_f_r_anh_ngerkupplungen.title,Radträger für Anhängerkupplungen,de
blumen,item.blumen.title,Blumen,de
radio,item.radio.title,Radio,de
radiatoren,item.radiatoren.title,Radiatoren,de
lithium_akkus,item.lithium_akkus.title,Lithium-Akkus,de
streusalze,item.streusalze.title,Streusalze,de
lichterkette,item.lichterkette.title,Lichterkette,de
leuchtstofflampen_r_hren,item.leuchtstofflampen_r_hren.title,"Leuchtstofflampen, -röhren",de
leitungsmasten,item.leitungsmasten.title,Leitungsmasten,de
lein_lfirnis,item.lein_lfirnis.title,Leinölfirnis,de
leichtverpackungen,item.leichtverpackungen.title,Leichtverpackungen,de
lehmschlag,item.lehmschlag.title,Lehmschlag,de
lehmputz,item.lehmputz.title,Lehmputz,de
lavasubstrat,item.lavasubstrat.title,Lavasubstrat,de
led_lampen_und_leuchten,item.led_lampen_und_leuchten.title,LED-Lampen und -Leuchten,de
laugen,item.laugen.title,Laugen,de
lautsprecherbox,item.lautsprecherbox.title,Lautsprecherbox,de
laub_befallen_von_eichenprozessionsspinner,item.laub_befallen_von_eichenprozessionsspinner.title,Laub (befallen von Eichenprozessionsspinner),de
laufb_nder,item.laufb_nder.title,Laufbänder,de
latexfarbe,item.latexfarbe.title,Latexfarbe,de
lampe,item.lampe.title,Lampe,de
laminat,item.laminat.title,Laminat,de
laub,item.laub.title,Laub,de
grillanz_nder_fl_ssig,item.grillanz_nder_fl_ssig.title,Grillanzünder (flüssig),de
lametta,item.lametta.title,Lametta,de
lack,item.lack.title,Lack,de
lachgas,item.lachgas.title,Lachgas,de
streichh_lzer,item.streichh_lzer.title,Streichhölzer,de
stra_enaufbruch,item.stra_enaufbruch.title,Straßenaufbruch,de
snowboards,item.snowboards.title,Snowboards,de
stragula_linoleum_platten_stragula_linoleum_imitation,item.stragula_linoleum_platten_stragula_linoleum_imitation.title,Stragula-Linoleum-Platten/ Stragula Linoleum-Imitation,de
stoma_k_nstlicher_darmausgang,item.stoma_k_nstlicher_darmausgang.title,Stoma/ künstlicher Darmausgang,de
steinkohle,item.steinkohle.title,Steinkohle,de
sp_lmittelflasche,item.sp_lmittelflasche.title,Spülmittelflasche,de
spraydose,item.spraydose.title,Spraydose,de
staubsauger,item.staubsauger.title,Staubsauger,de
sp_lk_sten,item.sp_lk_sten.title,Spülkästen,de
renovierungsabf_lle,item.renovierungsabf_lle.title,Renovierungsabfälle,de
spritzen,item.spritzen.title,Spritzen,de
steine,item.steine.title,Steine,de
ast,item.ast.title,Ast,de
sprit,item.sprit.title,Sprit,de
bilderrahmen_klein_kunststoff,item.bilderrahmen_klein_kunststoff.title,"Bilderrahmen, klein (Kunststoff)",de
split_rollsplit,item.split_rollsplit.title,Split/Rollsplit,de
spiritus,item.spiritus.title,Spiritus,de
spielzeug,item.spielzeug.title,Spielzeug,de
spind_metallschrank,item.spind_metallschrank.title,Spind (Metallschrank),de
spielautomat,item.spielautomat.title,Spielautomat,de
spiegelschrank,item.spiegelschrank.title,Spiegelschrank,de
spielsand,item.spielsand.title,Spielsand,de
spiegelglas,item.spiegelglas.title,Spiegelglas,de
speise_l,item.speise_l.title,Speiseöl,de
sperrabfall,item.sperrabfall.title,Sperrabfall,de
speichersteine_aus_nachtspeicher_fen,item.speichersteine_aus_nachtspeicher_fen.title,Speichersteine aus Nachtspeicheröfen,de
speichersteine,item.speichersteine.title,Speichersteine,de
speicherbatterien_f_r_photovoltaikanlagen_pv_anlagen,item.speicherbatterien_f_r_photovoltaikanlagen_pv_anlagen.title,Speicherbatterien für Photovoltaikanlagen (PV Anlagen),de
sonderabfall,item.sonderabfall.title,Sonderabfall,de
blumentopf_ton,item.blumentopf_ton.title,Blumentopf (Ton),de
shampooflasche,item.shampooflasche.title,Shampooflasche,de
rasierklinge,item.rasierklinge.title,Rasierklinge,de
solarthermie,item.solarthermie.title,Solarthermie,de
solarspeicherbatterien_solarspeicher,item.solarspeicherbatterien_solarspeicher.title,Solarspeicherbatterien / Solarspeicher,de
solarpanele,item.solarpanele.title,Solarpanele,de
solariumr_hren,item.solariumr_hren.title,Solariumröhren,de
solarium_br_unungsger_t_heimsolarium_gesichtssolarium,item.solarium_br_unungsger_t_heimsolarium_gesichtssolarium.title,Solarium/ Bräunungsgerät/ Heimsolarium/ Gesichtssolarium,de
solarfl_ssigkeit,item.solarfl_ssigkeit.title,Solarflüssigkeit,de
pflanzenschutzmittel,item.pflanzenschutzmittel.title,Pflanzenschutzmittel,de
sofa,item.sofa.title,Sofa,de
silvesterraketen,item.silvesterraketen.title,Silvesterraketen,de
silitatkleber,item.silitatkleber.title,Silitatkleber,de
silikon_acryl,item.silikon_acryl.title,Silikon/Acryl,de
silberfischgift,item.silberfischgift.title,Silberfischgift,de
sicherheitsglas,item.sicherheitsglas.title,Sicherheitsglas,de
schuhe,item.schuhe.title,Schuhe,de
seramis_bl_hton,item.seramis_bl_hton.title,Seramis/Blähton,de
schwimmbadchlorierungsmittel,item.schwimmbadchlorierungsmittel.title,Schwimmbadchlorierungsmittel,de
sekundenkleber,item.sekundenkleber.title,Sekundenkleber,de
schwerter_katana,item.schwerter_katana.title,Schwerter / Katana,de
schrank,item.schrank.title,Schrank,de
schuhcreme,item.schuhcreme.title,Schuhcreme,de
schrott,item.schrott.title,Schrott,de
schreckschusspistole_softair_pistolen_showwaffen,item.schreckschusspistole_softair_pistolen_showwaffen.title,Schreckschusspistole / Softair-Pistolen / Showwaffen,de
schornsteinabbruch,item.schornsteinabbruch.title,Schornsteinabbruch,de
schotter,item.schotter.title,Schotter,de
schmutzentferner,item.schmutzentferner.title,Schmutzentferner,de
schmier_l,item.schmier_l.title,Schmieröl,de
schlitten,item.schlitten.title,Schlitten,de
schleuder,item.schleuder.title,Schleuder,de
schlacke,item.schlacke.title,Schlacke,de
schimmelentferner,item.schimmelentferner.title,Schimmelentferner,de
schleifstaub,item.schleifstaub.title,Schleifstaub,de
schilf,item.schilf.title,Schilf,de
schiefer_schieferplatten,item.schiefer_schieferplatten.title,Schiefer/ Schieferplatten,de
schaumstoffverpackungen,item.schaumstoffverpackungen.title,Schaumstoffverpackungen,de
schaschlikspie_e,item.schaschlikspie_e.title,Schaschlikspieße,de
schamottesteine,item.schamottesteine.title,Schamottesteine,de
schauml_scher,item.schauml_scher.title,Schaumlöscher,de
sch_dlingsbek_mpfungsmittel,item.sch_dlingsbek_mpfungsmittel.title,Schädlingsbekämpfungsmittel,de
s_uren,item.s_uren.title,Säuren,de
schallplatten,item.schallplatten.title,Schallplatten,de
sauerkrautplatten_holzwolle_leichtbauplatte,item.sauerkrautplatten_holzwolle_leichtbauplatte.title,Sauerkrautplatten/Holzwolle-Leichtbauplatte,de
sattel,item.sattel.title,Sattel,de
sand,item.sand.title,Sand,de
s_gesp_ne,item.s_gesp_ne.title,Sägespäne,de
sahnesiphons,item.sahnesiphons.title,Sahnesiphons,de
s_gemehl,item.s_gemehl.title,Sägemehl,de
sadolin,item.sadolin.title,Sadolin,de
t_r,item.t_r.title,Tür,de
tupperware,item.tupperware.title,Tupperware,de
zitrusfr_chte,item.zitrusfr_chte.title,Zitrusfrüchte,de
zigaretten,item.zigaretten.title,Zigaretten,de
zierkies,item.zierkies.title,Zierkies,de
speisefette_fest,item.speisefette_fest.title,Speisefette (fest),de
ziegelmehl,item.ziegelmehl.title,Ziegelmehl,de
zewa_k_chenpapier,item.zewa_k_chenpapier.title,Zewa/Küchenpapier,de
zeitungen,item.zeitungen.title,Zeitungen,de
zementsack_leer,item.zementsack_leer.title,"Zementsack, leer",de
ziegel,item.ziegel.title,Ziegel,de
zementpulver_im_sack_unausgeh_rtet,item.zementpulver_im_sack_unausgeh_rtet.title,Zementpulver im Sack (unausgehärtet),de
zementsack,item.zementsack.title,Zementsack,de
zelte_mit_stangen,item.zelte_mit_stangen.title,Zelte mit Stangen,de
trittschalld_mmplatten,item.trittschalld_mmplatten.title,Trittschalldämmplatten,de
zeichentisch,item.zeichentisch.title,Zeichentisch,de
treckerreifen,item.treckerreifen.title,Treckerreifen,de
tresor,item.tresor.title,Tresor,de
topf,item.topf.title,Topf,de
tonsubstrat,item.tonsubstrat.title,Tonsubstrat,de
toilettendeckel,item.toilettendeckel.title,Toilettendeckel,de
toaster,item.toaster.title,Toaster,de
tisch,item.tisch.title,Tisch,de
tinten_toner_patronen_kartuschen,item.tinten_toner_patronen_kartuschen.title,"Tinten-, Toner- patronen/ -kartuschen",de
tierkot,item.tierkot.title,Tierkot,de
tierpr_parate,item.tierpr_parate.title,Tierpräparate,de
tierinnereien_schlachte_abfall,item.tierinnereien_schlachte_abfall.title,Tierinnereien/ Schlachte Abfall,de
tierk_rper,item.tierk_rper.title,Tierkörper,de
tierf_kalien,item.tierf_kalien.title,Tierfäkalien,de
tiereinstreu,item.tiereinstreu.title,Tiereinstreu,de
tiefk_hlverpackungen,item.tiefk_hlverpackungen.title,Tiefkühlverpackungen,de
thermoskanne,item.thermoskanne.title,Thermoskanne,de
thermometer,item.thermometer.title,Thermometer,de
textilien_daunen_kamelhaar_schafwoll_schurwoll_baumwollbettdecken,item.textilien_daunen_kamelhaar_schafwoll_schurwoll_baumwollbettdecken.title,"Textilien, Daunen-/ Kamelhaar-/Schafwoll-/ Schurwoll-/ Baumwollbettdecken",de
textilien_mit_schimmelbefall,item.textilien_mit_schimmelbefall.title,Textilien mit Schimmelbefall,de
tesafilm,item.tesafilm.title,Tesafilm,de
terpentin_terpentinersatz,item.terpentin_terpentinersatz.title,"Terpentin, Terpentinersatz",de
teppichkleber,item.teppichkleber.title,Teppichkleber,de
teppich,item.teppich.title,Teppich,de
telefonbuch,item.telefonbuch.title,Telefonbuch,de
teichwanne,item.teichwanne.title,Teichwanne,de
matratzen,item.matratzen.title,Matratzen,de
telefon,item.telefon.title,Telefon,de
teichschlamm,item.teichschlamm.title,Teichschlamm,de
tapetenreste,item.tapetenreste.title,Tapetenreste,de
teichfolie,item.teichfolie.title,Teichfolie,de
teer,item.teer.title,Teer,de
teerpappe,item.teerpappe.title,Teerpappe,de
teebeutel,item.teebeutel.title,Teebeutel,de
teelichter,item.teelichter.title,Teelichter,de
kataloge,item.kataloge.title,Kataloge,de
teefilter,item.teefilter.title,Teefilter,de
taucheranz_ge,item.taucheranz_ge.title,Taucheranzüge,de
taubenverschlag,item.taubenverschlag.title,Taubenverschlag,de
taubenkot,item.taubenkot.title,Taubenkot,de
taschenfilter,item.taschenfilter.title,Taschenfilter,de
tannennadeln,item.tannennadeln.title,Tannennadeln,de
asbestst_ube,item.asbestst_ube.title,Asbeststäube,de
tannenbaum,item.tannenbaum.title,Tannenbaum,de
vogelsand,item.vogelsand.title,Vogelsand,de
vogelkot,item.vogelkot.title,Vogelkot,de
vorox,item.vorox.title,Vorox,de
fixierbad,item.fixierbad.title,Fixierbad,de
vinyl_schallplatten,item.vinyl_schallplatten.title,Vinyl-Schallplatten,de
virent_ter,item.virent_ter.title,Virentöter,de
videorecorder,item.videorecorder.title,Videorecorder,de
videokassette,item.videokassette.title,Videokassette,de
vertikutiergut,item.vertikutiergut.title,Vertikutiergut,de
abbruchholz,item.abbruchholz.title,Abbruchholz,de
verpackung,item.verpackung.title,Verpackung,de
verd_nner,item.verd_nner.title,Verdünner,de
wurzeln,item.wurzeln.title,Wurzeln,de
altfarben_altlacke,item.altfarben_altlacke.title,"Altfarben, Altlacke",de
vert_felung,item.vert_felung.title,Vertäfelung,de
kfz_batterien,item.kfz_batterien.title,Kfz-Batterien,de
leuchtstoffr_hren_energiesparlampen_leds,item.leuchtstoffr_hren_energiesparlampen_leds.title,"Leuchtstoffröhren, Energiesparlampen, LEDs",de
wurzelballen,item.wurzelballen.title,Wurzelballen,de
wildkr_uter,item.wildkr_uter.title,Wildkräuter,de
wurfzelt,item.wurfzelt.title,Wurfzelt,de
sp_lkasten,item.sp_lkasten.title,Spülkasten,de
wpc_wood_plastic_composites,item.wpc_wood_plastic_composites.title,WPC (Wood-Plastic-Composites),de
windeln,item.windeln.title,Windeln,de
wohnwagen,item.wohnwagen.title,Wohnwagen,de
wiederverwendbare_kaffeebecher,item.wiederverwendbare_kaffeebecher.title,wiederverwendbare Kaffeebecher,de
whirlpool,item.whirlpool.title,Whirlpool,de
welldachplatten,item.welldachplatten.title,Welldachplatten,de
eierkartons,item.eierkartons.title,Eierkartons,de
welldacheternit,item.welldacheternit.title,Welldacheternit,de
wei_blech,item.wei_blech.title,Weißblech,de
weink_hlschrank,item.weink_hlschrank.title,Weinkühlschrank,de
weihnachtskugeln,item.weihnachtskugeln.title,Weihnachtskugeln,de
weinflaschen,item.weinflaschen.title,Weinflaschen,de
wedi_bauplatten,item.wedi_bauplatten.title,Wedi®-Bauplatten,de
wasserl_scher,item.wasserl_scher.title,Wasserlöscher,de
waschmaschine,item.waschmaschine.title,Waschmaschine,de
wasserbett,item.wasserbett.title,Wasserbett,de
wasser_wasser_w_rmepumpe,item.wasser_wasser_w_rmepumpe.title,Wasser-Wasser-Wärmepumpe,de
w_rmepumpe,item.w_rmepumpe.title,Wärmepumpe,de
warmwasserspeicher,item.warmwasserspeicher.title,Warmwasserspeicher,de
waschbetonplatten,item.waschbetonplatten.title,Waschbetonplatten,de
w_rmed_mmplatten_hbcd_belastet,item.w_rmed_mmplatten_hbcd_belastet.title,"Wärmedämmplatten, HBCD-belastet",de
waln_sse,item.waln_sse.title,Walnüsse,de
wandfarben,item.wandfarben.title,Wandfarben,de
lofen,item.lofen.title,Ölofen,de
unkraut,item.unkraut.title,Unkraut,de
walnussbaumlaub,item.walnussbaumlaub.title,Walnussbaumlaub,de
waffen_schusswaffen,item.waffen_schusswaffen.title,Waffen / Schusswaffen,de
umverpackung,item.umverpackung.title,Umverpackung,de
xylamon,item.xylamon.title,Xylamon,de
ytong_steine,item.ytong_steine.title,Ytong®-Steine,de
benzinkanister,item.benzinkanister.title,Benzinkanister,de
betongrill_grillkamin,item.betongrill_grillkamin.title,Betongrill/Grillkamin,de
einweghandschuhe,item.einweghandschuhe.title,Einweghandschuhe,de
benzinfeuerzeug,item.benzinfeuerzeug.title,Benzinfeuerzeug,de
behandeltes_holz,item.behandeltes_holz.title,Behandeltes Holz,de
konservenglas,item.konservenglas.title,Konservenglas,de
baumnadeln,item.baumnadeln.title,Baumnadeln,de
baumst_mpfe_stubben,item.baumst_mpfe_stubben.title,"Baumstümpfe, -stubben",de
baum_strauch_und_heckenschnitt,item.baum_strauch_und_heckenschnitt.title,"Baum-, Strauch- und Heckenschnitt",de
autoteile,item.autoteile.title,Autoteile,de
batterien,item.batterien.title,Batterien,de
bau_und_abbruchholz,item.bau_und_abbruchholz.title,Bau- und Abbruchholz,de
plexiglas,item.plexiglas.title,Plexiglas,de
bauschaum,item.bauschaum.title,Bauschaum,de
butterbrotpapier,item.butterbrotpapier.title,Butterbrotpapier,de
autobatterie,item.autobatterie.title,Autobatterie,de
auftausalz,item.auftausalz.title,Auftausalz,de
tznatron,item.tznatron.title,Ätznatron,de
asche,item.asche.title,Asche,de
ste_dicke,item.ste_dicke.title,"Äste, dicke",de
asphalt,item.asphalt.title,Asphalt,de
aquariumkies,item.aquariumkies.title,Aquariumkies,de
aquarium_leer,item.aquarium_leer.title,Aquarium (leer),de
kassetten,item.kassetten.title,Kassetten,de
anstreichfarbe,item.anstreichfarbe.title,Anstreichfarbe,de
angel,item.angel.title,Angel,de
ameisengift,item.ameisengift.title,Ameisengift,de
aluminium,item.aluminium.title,Aluminium,de
ambrosia,item.ambrosia.title,Ambrosia,de
alufolie,item.alufolie.title,Alufolie,de
altkleider,item.altkleider.title,Altkleider,de
altholz_ungef_hrlicher_abfall,item.altholz_ungef_hrlicher_abfall.title,"Altholz, ungefährlicher Abfall",de
alt_l,item.alt_l.title,Altöl,de
altholz_gef_hrlicher_abfall,item.altholz_gef_hrlicher_abfall.title,"Altholz, gefährlicher Abfall",de
altholz,item.altholz.title,Altholz,de
altfette_speisefette_fette,item.altfette_speisefette_fette.title,Altfette/Speisefette/Fette,de
eisenbahnschwellen,item.eisenbahnschwellen.title,Eisenbahnschwellen,de
altakten,item.altakten.title,Altakten,de
allzweckreiniger,item.allzweckreiniger.title,Allzweckreiniger,de
altauto,item.altauto.title,Altauto,de
akustikplatten,item.akustikplatten.title,Akustikplatten,de
alleskleber,item.alleskleber.title,Alleskleber,de
akustikpaneele,item.akustikpaneele.title,Akustikpaneele,de
adventskranz,item.adventskranz.title,Adventskranz,de
akkus,item.akkus.title,Akkus,de
acryl_silikon,item.acryl_silikon.title,Acryl/ Silikon,de
aceton,item.aceton.title,Aceton,de
abt_nfarbe,item.abt_nfarbe.title,Abtönfarbe,de
abbeizmittel,item.abbeizmittel.title,Abbeizmittel,de
laub_und_rasenschnitt,item.laub_und_rasenschnitt.title,Laub- und Rasenschnitt,de
abscheideranlage,item.abscheideranlage.title,Abscheideranlage,de
trockenbatterien,item.trockenbatterien.title,Trockenbatterien,de
abflussreiniger_rohrreiniger,item.abflussreiniger_rohrreiniger.title,Abflussreiniger/Rohrreiniger,de
b_ropapiere,item.b_ropapiere.title,Büropapiere,de
b_gelbrett,item.b_gelbrett.title,Bügelbrett,de
b_cher,item.b_cher.title,Bücher,de
buchsbaum,item.buchsbaum.title,Buchsbaum,de
korkreste_unbehandelt,item.korkreste_unbehandelt.title,"Korkreste, unbehandelt",de
briefumschl_ge,item.briefumschl_ge.title,Briefumschläge,de
brot,item.brot.title,Brot,de
bremsfl_ssigkeit,item.bremsfl_ssigkeit.title,Bremsflüssigkeit,de
brennspiritus,item.brennspiritus.title,Brennspiritus,de
braunkohle,item.braunkohle.title,Braunkohle,de
bratpfanne,item.bratpfanne.title,Bratpfanne,de
brandschutzt_ren,item.brandschutzt_ren.title,Brandschutztüren,de
brandholz,item.brandholz.title,Brandholz,de
boote,item.boote.title,Boote,de
bondex,item.bondex.title,Bondex,de
b_ller,item.b_ller.title,Böller,de
bohrmaschine,item.bohrmaschine.title,Bohrmaschine,de
bodenmaterial_belastet,item.bodenmaterial_belastet.title,"Bodenmaterial, belastet",de
bodenaushub_erde,item.bodenaushub_erde.title,Bodenaushub/ Erde,de
blument_pfe,item.blument_pfe.title,Blumentöpfe,de
blumen_und_pflanzenreste,item.blumen_und_pflanzenreste.title,Blumen- und Pflanzenreste,de
bleisch_rzen,item.bleisch_rzen.title,Bleischürzen,de
bleiglas,item.bleiglas.title,Bleiglas,de
bleiakkumilatoren,item.bleiakkumilatoren.title,Bleiakkumilatoren,de
bleiabf_lle,item.bleiabf_lle.title,Bleiabfälle,de
bl_ueschutzmittel,item.bl_ueschutzmittel.title,Bläueschutzmittel,de
bl_hton,item.bl_hton.title,Blähton,de
baumischabf_lle,item.baumischabf_lle.title,Baumischabfälle,de
bioplastik_abfallbeutel,item.bioplastik_abfallbeutel.title,Bioplastik-Abfallbeutel,de
bitumen,item.bitumen.title,Bitumen,de
bioabfall_sammelbeutel_aus_papier,item.bioabfall_sammelbeutel_aus_papier.title,Bioabfall-Sammelbeutel aus Papier,de
binden,item.binden.title,Binden,de
binderfarben,item.binderfarben.title,Binderfarben,de
bimssteine,item.bimssteine.title,Bimssteine,de
billiard_tisch,item.billiard_tisch.title,Billiard-Tisch,de
bildschirm,item.bildschirm.title,Bildschirm,de
bilderrahmen,item.bilderrahmen.title,Bilderrahmen,de
bettwanzengift,item.bettwanzengift.title,Bettwanzengift,de
bettrahmen,item.bettrahmen.title,Bettrahmen,de
betonsteine_verschmutzt_l,item.betonsteine_verschmutzt_l.title,Betonsteine verschmutzt (Öl),de
betonschleifstaub,item.betonschleifstaub.title,Betonschleifstaub,de
betonpulver_im_sack_unausgeh_rtet,item.betonpulver_im_sack_unausgeh_rtet.title,Betonpulver im Sack (unausgehärtet),de
b_renklau,item.b_renklau.title,Bärenklau,de
bambus,item.bambus.title,Bambus,de
badreiniger,item.badreiniger.title,Badreiniger,de
babybadewanne,item.babybadewanne.title,Babybadewanne,de
badewanne,item.badewanne.title,Badewanne,de
backwaren,item.backwaren.title,Backwaren,de
mp3_player,item.mp3_player.title,MP3-Player,de
fensterrahmen_aus_holz,item.fensterrahmen_aus_holz.title,Fensterrahmen (aus Holz),de
solarien,item.solarien.title,Solarien,de
flachglas,item.flachglas.title,Flachglas,de
fritteusen,item.fritteusen.title,Fritteusen,de
universalverd_nnung,item.universalverd_nnung.title,Universalverdünnung,de
boiler,item.boiler.title,Boiler,de
motorradbatterien,item.motorradbatterien.title,Motorradbatterien,de
bodenaushub_kontaminiert,item.bodenaushub_kontaminiert.title,Bodenaushub kontaminiert,de
kleiderb_gel,item.kleiderb_gel.title,Kleiderbügel,de
hefte,item.hefte.title,Hefte,de
mikrowellenger_te,item.mikrowellenger_te.title,Mikrowellengeräte,de
surfbretter,item.surfbretter.title,Surfbretter,de
kochfelder,item.kochfelder.title,Kochfelder,de
l_tkolben,item.l_tkolben.title,Lötkolben,de
dachgep_cktr_ger,item.dachgep_cktr_ger.title,Dachgepäckträger,de
beh_lterglas,item.beh_lterglas.title,Behälterglas,de
messingteile,item.messingteile.title,Messingteile,de
schlauchboote,item.schlauchboote.title,Schlauchboote,de
insektenvernichtungsmittel,item.insektenvernichtungsmittel.title,Insektenvernichtungsmittel,de
stofftiere,item.stofftiere.title,Stofftiere,de
elektrokleinger_te,item.elektrokleinger_te.title,Elektrokleingeräte,de
tetrapaks,item.tetrapaks.title,Tetrapaks,de
dachlatten,item.dachlatten.title,Dachlatten,de
sonnenschirme,item.sonnenschirme.title,Sonnenschirme,de
l_fen,item.l_fen.title,Ölöfen,de
luftmatratzen,item.luftmatratzen.title,Luftmatratzen,de
k_chenkr_uter,item.k_chenkr_uter.title,Küchenkräuter,de
lacke,item.lacke.title,Lacke,de
puppen_kunststoff,item.puppen_kunststoff.title,Puppen (Kunststoff),de
bettgestelle_metall,item.bettgestelle_metall.title,Bettgestelle (Metall),de
fernsehsessel,item.fernsehsessel.title,Fernsehsessel,de
t_ren_aus_holz_au_enbereich,item.t_ren_aus_holz_au_enbereich.title,Türen aus Holz (Außenbereich),de
lverschmutzte_betriebsmittel,item.lverschmutzte_betriebsmittel.title,Ölverschmutzte Betriebsmittel,de
mobiltelefon,item.mobiltelefon.title,Mobiltelefon,de
faxger_te,item.faxger_te.title,Faxgeräte,de
k_hlakkus,item.k_hlakkus.title,Kühlakkus,de
arzneimittel,item.arzneimittel.title,Arzneimittel,de
kachelofen,item.kachelofen.title,Kachelofen,de
notebooks,item.notebooks.title,Notebooks,de
eisenbahnplatte,item.eisenbahnplatte.title,Eisenbahnplatte,de
buntstifte,item.buntstifte.title,Buntstifte,de
parkettschleifst_ube,item.parkettschleifst_ube.title,Parkettschleifstäube,de
besteck_kunststoff,item.besteck_kunststoff.title,Besteck (Kunststoff),de
blu_ray_player,item.blu_ray_player.title,Blu-Ray-Player,de
lachgaskartusche_vollst_ndig_entleert,item.lachgaskartusche_vollst_ndig_entleert.title,Lachgaskartusche (vollständig entleert),de
waschmaschinen,item.waschmaschinen.title,Waschmaschinen,de
wurst,item.wurst.title,Wurst,de
holzkisten,item.holzkisten.title,Holzkisten,de
receiver,item.receiver.title,Receiver,de
holzverpackungen,item.holzverpackungen.title,Holzverpackungen,de
strumpfhosen,item.strumpfhosen.title,Strumpfhosen,de
holzschutzimpr_gnierung,item.holzschutzimpr_gnierung.title,Holzschutzimprägnierung,de
overheadfolien,item.overheadfolien.title,Overheadfolien,de
kunststoffspielzeug,item.kunststoffspielzeug.title,Kunststoffspielzeug,de
kocht_pfe,item.kocht_pfe.title,Kochtöpfe,de
vasen,item.vasen.title,Vasen,de
planschbecken,item.planschbecken.title,Planschbecken,de
blumenkasten_kunststoff,item.blumenkasten_kunststoff.title,Blumenkasten (Kunststoff),de
metallisches_quecksilber,item.metallisches_quecksilber.title,metallisches Quecksilber,de
scherben,item.scherben.title,Scherben,de
miederwaren,item.miederwaren.title,Miederwaren,de
scheckkarten_zerschnitten,item.scheckkarten_zerschnitten.title,Scheckkarten (zerschnitten),de
versandtaschen_gef_ttert,item.versandtaschen_gef_ttert.title,"Versandtaschen, gefüttert",de
altholz_innenbereich,item.altholz_innenbereich.title,Altholz (Innenbereich),de
notizzettel,item.notizzettel.title,Notizzettel,de
metallsp_len,item.metallsp_len.title,Metallspülen,de
klarsichth_llen,item.klarsichth_llen.title,Klarsichthüllen,de
anrufbeantworter,item.anrufbeantworter.title,Anrufbeantworter,de
terrassenfliesen_aus_holz_ohne_holzschutzmittel,item.terrassenfliesen_aus_holz_ohne_holzschutzmittel.title,Terrassenfliesen aus Holz (ohne Holzschutzmittel),de
slipeinlagen,item.slipeinlagen.title,Slipeinlagen,de
glaswolle,item.glaswolle.title,Glaswolle,de
essen,item.essen.title,Essen,de
luftpumpen_kunststoff,item.luftpumpen_kunststoff.title,Luftpumpen (Kunststoff),de
dachbalken,item.dachbalken.title,Dachbalken,de
bleistifte,item.bleistifte.title,Bleistifte,de
leuchten_metall,item.leuchten_metall.title,Leuchten (Metall),de
kleinm_bel,item.kleinm_bel.title,Kleinmöbel,de
f_sser_metall,item.f_sser_metall.title,Fässer (Metall),de
m_bel,item.m_bel.title,Möbel,de
alt_l_mineralisch,item.alt_l_mineralisch.title,"Altöl, mineralisch",de
sessel,item.sessel.title,Sessel,de
lbeh_lter,item.lbeh_lter.title,Ölbehälter,de
fotoapparate,item.fotoapparate.title,Fotoapparate,de
bioplastik,item.bioplastik.title,Bioplastik,de
pfannen,item.pfannen.title,Pfannen,de
videospiele,item.videospiele.title,Videospiele,de
kaffeefiltert_ten,item.kaffeefiltert_ten.title,Kaffeefiltertüten,de
fensterglasscherben,item.fensterglasscherben.title,Fensterglasscherben,de
verd_nnung,item.verd_nnung.title,Verdünnung,de
spraydosen_ohne_gefahrtstoffzeichen,item.spraydosen_ohne_gefahrtstoffzeichen.title,Spraydosen ohne Gefahrtstoffzeichen,de
korrekturfl_ssigkeiten,item.korrekturfl_ssigkeiten.title,Korrekturflüssigkeiten,de
wachsstifte,item.wachsstifte.title,Wachsstifte,de
palisaden,item.palisaden.title,Palisaden,de
heizungsk_rper_elektrisch,item.heizungsk_rper_elektrisch.title,Heizungskörper (elektrisch),de
cds,item.cds.title,CDs,de
lithiumbatterien,item.lithiumbatterien.title,Lithiumbatterien,de
drahtglasscheiben,item.drahtglasscheiben.title,Drahtglasscheiben,de
m_rtel,item.m_rtel.title,Mörtel,de
koffer_klein,item.koffer_klein.title,"Koffer, klein",de
fu_boden_flexplatten_mit_asbest,item.fu_boden_flexplatten_mit_asbest.title,Fußboden-Flexplatten mit Asbest,de
arzneien,item.arzneien.title,Arzneien,de
reisekoffer,item.reisekoffer.title,Reisekoffer,de
hei_luft_fritteusen,item.hei_luft_fritteusen.title,Heißluft-Fritteusen,de
gardinen,item.gardinen.title,Gardinen,de
holz_frei_von_holzschutzmitteln,item.holz_frei_von_holzschutzmitteln.title,"Holz, frei von Holzschutzmitteln",de
blumenvasen,item.blumenvasen.title,Blumenvasen,de
h_te,item.h_te.title,Hüte,de
tischw_sche,item.tischw_sche.title,Tischwäsche,de
verbandsmaterial,item.verbandsmaterial.title,Verbandsmaterial,de
pergola,item.pergola.title,Pergola,de
chemikalien,item.chemikalien.title,Chemikalien,de
gefrierger_te,item.gefrierger_te.title,Gefriergeräte,de
w_rmflaschen,item.w_rmflaschen.title,Wärmflaschen,de
gartenm_bel_mit_holzschutzmittel_behandelt_impr_gniert,item.gartenm_bel_mit_holzschutzmittel_behandelt_impr_gniert.title,Gartenmöbel mit Holzschutzmittel behandelt / imprägniert,de
entwicklungsb_der,item.entwicklungsb_der.title,Entwicklungsbäder,de
beistellherde,item.beistellherde.title,Beistellherde,de
filme,item.filme.title,Filme,de
naturkork,item.naturkork.title,Naturkork,de
kochmulden,item.kochmulden.title,Kochmulden,de
hydraulik_l,item.hydraulik_l.title,Hydrauliköl,de
pinselreiniger,item.pinselreiniger.title,Pinselreiniger,de
eternitrohre,item.eternitrohre.title,Eternitrohre,de
k_hlger_te,item.k_hlger_te.title,Kühlgeräte,de
skier,item.skier.title,Skier,de
kopierger_te,item.kopierger_te.title,Kopiergeräte,de
blumenkasten_eternit_asbestzement,item.blumenkasten_eternit_asbestzement.title,Blumenkasten (Eternit / Asbestzement),de
rohrreiniger,item.rohrreiniger.title,Rohrreiniger,de
bioabfall,item.bioabfall.title,Bioabfall,de
wurstreste,item.wurstreste.title,Wurstreste,de
altreifen,item.altreifen.title,Altreifen,de
sofas,item.sofas.title,Sofas,de
bleibatterien,item.bleibatterien.title,Bleibatterien,de
feuerzeuge_einweg,item.feuerzeuge_einweg.title,Feuerzeuge (Einweg),de
nagellacke,item.nagellacke.title,Nagellacke,de
schulhefte,item.schulhefte.title,Schulhefte,de
rasenm_her_elektrisch,item.rasenm_her_elektrisch.title,Rasenmäher (elektrisch),de
papier_pappe_kartonagen,item.papier_pappe_kartonagen.title,"Papier, Pappe, Kartonagen",de
feuerschutzmaterialien,item.feuerschutzmaterialien.title,Feuerschutzmaterialien,de
nudeln,item.nudeln.title,Nudeln,de
dokumente_vertraulich,item.dokumente_vertraulich.title,"Dokumente, vertraulich",de
festplatte_ssd,item.festplatte_ssd.title,Festplatte (SSD),de
videospielkonsolen,item.videospielkonsolen.title,Videospielkonsolen,de
luftbefeuchter_elektrisch,item.luftbefeuchter_elektrisch.title,Luftbefeuchter (elektrisch),de
folien,item.folien.title,Folien,de
wc_reiniger,item.wc_reiniger.title,WC-Reiniger,de
mund_nasen_maske,item.mund_nasen_maske.title,Mund-Nasen-Maske,de
wattest_bchen,item.wattest_bchen.title,Wattestäbchen,de
lautsprecher,item.lautsprecher.title,Lautsprecher,de
restm_ll,item.restm_ll.title,Restmüll,de
styrodurd_mmung,item.styrodurd_mmung.title,Styrodurdämmung,de
margarinebecher,item.margarinebecher.title,Margarinebecher,de
holzschwammmittel,item.holzschwammmittel.title,Holzschwammmittel,de
arbeitsplatten_resopal,item.arbeitsplatten_resopal.title,Arbeitsplatten (Resopal),de
beizen,item.beizen.title,Beizen,de
n_gel,item.n_gel.title,Nägel,de
leitern,item.leitern.title,Leitern,de
rucks_cke,item.rucks_cke.title,Rucksäcke,de
toilettenbrillen,item.toilettenbrillen.title,Toilettenbrillen,de
auslegware,item.auslegware.title,Auslegware,de
getr_nkeverpackungen,item.getr_nkeverpackungen.title,Getränkeverpackungen,de
propangasflaschen,item.propangasflaschen.title,Propangasflaschen,de
waffeleisen,item.waffeleisen.title,Waffeleisen,de
lbindemittel,item.lbindemittel.title,Ölbindemittel,de
mineralischer_bauschutt_fliesen_ziegel_und_keramik,item.mineralischer_bauschutt_fliesen_ziegel_und_keramik.title,"Mineralischer Bauschutt (Fliesen, Ziegel und Keramik)",de
disketten,item.disketten.title,Disketten,de
gartenschl_uche,item.gartenschl_uche.title,Gartenschläuche,de
kabelbinder,item.kabelbinder.title,Kabelbinder,de
kunststofff_sser,item.kunststofff_sser.title,Kunststofffässer,de
obstschalen,item.obstschalen.title,Obstschalen,de
durchschreibpapier,item.durchschreibpapier.title,Durchschreibpapier,de
manometer,item.manometer.title,Manometer,de
wellasbest,item.wellasbest.title,Wellasbest,de
glast_ren_innenbereich,item.glast_ren_innenbereich.title,Glastüren (Innenbereich),de
lverschmutzte_putzlappen,item.lverschmutzte_putzlappen.title,Ölverschmutzte Putzlappen,de
senfglas,item.senfglas.title,Senfglas,de
wellpappe,item.wellpappe.title,Wellpappe,de
solarmodule,item.solarmodule.title,Solarmodule,de
fernbedienungen,item.fernbedienungen.title,Fernbedienungen,de
gem_sereste,item.gem_sereste.title,Gemüsereste,de
walkmen,item.walkmen.title,Walkmen,de
feuerfestes_glas,item.feuerfestes_glas.title,Feuerfestes Glas,de
tastatur,item.tastatur.title,Tastatur,de
armaturen,item.armaturen.title,Armaturen,de
verpackungsfolien,item.verpackungsfolien.title,Verpackungsfolien,de
fahrzeugbatterien,item.fahrzeugbatterien.title,Fahrzeugbatterien,de
gartenm_bel,item.gartenm_bel.title,Gartenmöbel,de
kunststoffb_gel,item.kunststoffb_gel.title,Kunststoffbügel,de
radioaktive_stoffe,item.radioaktive_stoffe.title,Radioaktive Stoffe,de
bilderrahmen_gro,item.bilderrahmen_gro.title,Bilderrahmen (groß),de
illustrierte,item.illustrierte.title,Illustrierte,de
sanit_rkeramik,item.sanit_rkeramik.title,Sanitärkeramik,de
beton,item.beton.title,Beton,de
lebensmittelreste,item.lebensmittelreste.title,Lebensmittelreste,de
pappschachteln,item.pappschachteln.title,Pappschachteln,de
renovierungsabfall,item.renovierungsabfall.title,Renovierungsabfall,de
stoffreste,item.stoffreste.title,Stoffreste,de
motorr_der,item.motorr_der.title,Motorräder,de
kaffeekapsel_bioplastik,item.kaffeekapsel_bioplastik.title,Kaffeekapsel (Bioplastik),de
gartenabf_lle,item.gartenabf_lle.title,Gartenabfälle,de
b_geleisen,item.b_geleisen.title,Bügeleisen,de
lederpflegemittel,item.lederpflegemittel.title,Lederpflegemittel,de
pinsel,item.pinsel.title,Pinsel,de
reinigungsmittel,item.reinigungsmittel.title,Reinigungsmittel,de
ofenrohre,item.ofenrohre.title,Ofenrohre,de
heftpflaster,item.heftpflaster.title,Heftpflaster,de
lverunreinigter_boden,item.lverunreinigter_boden.title,Ölverunreinigter Boden,de
reisig,item.reisig.title,Reisig,de
fotos,item.fotos.title,Fotos,de
tische,item.tische.title,Tische,de
halogen_metalldampflampen,item.halogen_metalldampflampen.title,Halogen-Metalldampflampen,de
deckel_aus_alu_kunststoff,item.deckel_aus_alu_kunststoff.title,Deckel aus Alu/Kunststoff,de
einwegrasierer,item.einwegrasierer.title,Einwegrasierer,de
j_gerz_une,item.j_gerz_une.title,Jägerzäune,de
schrankw_nde,item.schrankw_nde.title,Schrankwände,de
dachrinnen_aus_metall,item.dachrinnen_aus_metall.title,Dachrinnen aus Metall,de
r_ntgenbilder,item.r_ntgenbilder.title,Röntgenbilder,de
pestizide,item.pestizide.title,Pestizide,de
haushaltsreiniger,item.haushaltsreiniger.title,Haushaltsreiniger,de
salmiakgeist,item.salmiakgeist.title,Salmiakgeist,de
verpackungschips,item.verpackungschips.title,Verpackungschips,de
festplatten,item.festplatten.title,Festplatten,de
kopfh_rer,item.kopfh_rer.title,Kopfhörer,de
fahrzeugteile,item.fahrzeugteile.title,Fahrzeugteile,de
frischhaltefolien,item.frischhaltefolien.title,Frischhaltefolien,de
t_ren_metall,item.t_ren_metall.title,Türen (Metall),de
paneele_aus_holz,item.paneele_aus_holz.title,Paneele aus Holz,de
dachrinnen_aus_kunststoff,item.dachrinnen_aus_kunststoff.title,Dachrinnen aus Kunststoff,de
ventilator,item.ventilator.title,Ventilator,de
bitumenpappe,item.bitumenpappe.title,Bitumenpappe,de
sperrm_ll,item.sperrm_ll.title,Sperrmüll,de
aluminiumfolie,item.aluminiumfolie.title,Aluminiumfolie,de
einwegbecher,item.einwegbecher.title,Einwegbecher,de
aquarium,item.aquarium.title,Aquarium,de
faxpapier,item.faxpapier.title,Faxpapier,de
st_hle,item.st_hle.title,Stühle,de
waage_elektrisch,item.waage_elektrisch.title,Waage (elektrisch),de
kunststoffkanister,item.kunststoffkanister.title,Kunststoffkanister,de
baumischabfall,item.baumischabfall.title,Baumischabfall,de
estrich,item.estrich.title,Estrich,de
rigipsplatten,item.rigipsplatten.title,Rigipsplatten,de
solarienr_hren,item.solarienr_hren.title,Solarienröhren,de
entsafter,item.entsafter.title,Entsafter,de
musikinstrumente,item.musikinstrumente.title,Musikinstrumente,de
allesbrenner,item.allesbrenner.title,Allesbrenner,de
luftballons,item.luftballons.title,Luftballons,de
hausm_ll,item.hausm_ll.title,Hausmüll,de
bleichmittel,item.bleichmittel.title,Bleichmittel,de
vollholz_innenbereich,item.vollholz_innenbereich.title,Vollholz (Innenbereich),de
alttextilien,item.alttextilien.title,Alttextilien,de
holzspielzeug,item.holzspielzeug.title,Holzspielzeug,de
parkett,item.parkett.title,Parkett,de
high_solid_lacke,item.high_solid_lacke.title,High-Solid Lacke,de
fernseher,item.fernseher.title,Fernseher,de
schrankwand,item.schrankwand.title,Schrankwand,de
teichfolien,item.teichfolien.title,Teichfolien,de
telefonb_cher,item.telefonb_cher.title,Telefonbücher,de
ffp2_maske,item.ffp2_maske.title,FFP2-Maske,de
kreditkarten_zerschnitten,item.kreditkarten_zerschnitten.title,Kreditkarten (zerschnitten),de
styrodur,item.styrodur.title,Styrodur,de
l_semittel,item.l_semittel.title,Lösemittel,de
sicherungen,item.sicherungen.title,Sicherungen,de
teelichthalter_aus_aluminium,item.teelichthalter_aus_aluminium.title,Teelichthalter (aus Aluminium),de
regenschirme,item.regenschirme.title,Regenschirme,de
schmelzsicherungen,item.schmelzsicherungen.title,Schmelzsicherungen,de
lackspraydosen,item.lackspraydosen.title,Lackspraydosen,de
autofelgen,item.autofelgen.title,Autofelgen,de
desinfektionsmittel,item.desinfektionsmittel.title,Desinfektionsmittel,de
leds,item.leds.title,LEDs,de
blei_gel_akkus,item.blei_gel_akkus.title,Blei-Gel-Akkus,de
k_serinde_unbehandelt,item.k_serinde_unbehandelt.title,Käserinde (unbehandelt),de
farben,item.farben.title,Farben,de
staubsaugerbeutel,item.staubsaugerbeutel.title,Staubsaugerbeutel,de
rollstuhl_mechanisch,item.rollstuhl_mechanisch.title,"Rollstuhl, mechanisch",de
usb_stick,item.usb_stick.title,USB-Stick,de
sonnenbrillen,item.sonnenbrillen.title,Sonnenbrillen,de
duschvorh_nge_kunststoff,item.duschvorh_nge_kunststoff.title,Duschvorhänge (Kunststoff),de
zigarettenkippen,item.zigarettenkippen.title,Zigarettenkippen,de
quecksilberschalter,item.quecksilberschalter.title,Quecksilberschalter,de
naturharzlacke,item.naturharzlacke.title,Naturharzlacke,de
altmedikamente,item.altmedikamente.title,Altmedikamente,de
tv_ger_te,item.tv_ger_te.title,TV-Geräte,de
schraubverschl_sse,item.schraubverschl_sse.title,Schraubverschlüsse,de
trockenhauben,item.trockenhauben.title,Trockenhauben,de
kunststoffe_kleinteilig,item.kunststoffe_kleinteilig.title,Kunststoffe - Kleinteilig,de
regenrinnen,item.regenrinnen.title,Regenrinnen,de
reifen,item.reifen.title,Reifen,de
liegen,item.liegen.title,Liegen,de
elektroschrott,item.elektroschrott.title,Elektroschrott,de
blechteile,item.blechteile.title,Blechteile,de
besteck,item.besteck.title,Besteck,de
solarbatterie,item.solarbatterie.title,Solarbatterie,de
kosmetika,item.kosmetika.title,Kosmetika,de
men_schalen,item.men_schalen.title,Menüschalen,de
teppiche,item.teppiche.title,Teppiche,de
t_rrahmen,item.t_rrahmen.title,Türrahmen,de
gasflaschen,item.gasflaschen.title,Gasflaschen,de
daunendecken,item.daunendecken.title,Daunendecken,de
besenschr_nke,item.besenschr_nke.title,Besenschränke,de
kaffeebecher_to_go,item.kaffeebecher_to_go.title,Kaffeebecher (to go),de
satelliten_anlage,item.satelliten_anlage.title,Satelliten-Anlage,de
m_belpflegemittel,item.m_belpflegemittel.title,Möbelpflegemittel,de
korbwaren,item.korbwaren.title,Korbwaren,de
haarf_rbemittel,item.haarf_rbemittel.title,Haarfärbemittel,de
smartphone,item.smartphone.title,Smartphone,de
fahrr_der,item.fahrr_der.title,Fahrräder,de
op_masken,item.op_masken.title,OP-Masken,de
autos,item.autos.title,Autos,de
messer,item.messer.title,Messer,de
w_sche,item.w_sche.title,Wäsche,de
lkanister_mineral_l,item.lkanister_mineral_l.title,Ölkanister (Mineralöl),de
laborchemikalien,item.laborchemikalien.title,Laborchemikalien,de
paletten,item.paletten.title,Paletten,de
hi_fi_ger_te,item.hi_fi_ger_te.title,Hi-Fi-Geräte,de
w_schemangel,item.w_schemangel.title,Wäschemangel,de
dielen,item.dielen.title,Dielen,de
aluminiumdeckel,item.aluminiumdeckel.title,Aluminiumdeckel,de
handschuhe,item.handschuhe.title,Handschuhe,de
kopierfolien,item.kopierfolien.title,Kopierfolien,de
metall_fen,item.metall_fen.title,Metallöfen,de
terrassenfliesen_aus_holz_mit_holzschutzmittel_behandelt,item.terrassenfliesen_aus_holz_mit_holzschutzmittel_behandelt.title,Terrassenfliesen aus Holz (mit Holzschutzmittel behandelt),de
musikinstrumente_elektrisch,item.musikinstrumente_elektrisch.title,Musikinstrumente (elektrisch),de
asbesthandschuhe,item.asbesthandschuhe.title,Asbesthandschuhe,de
akten,item.akten.title,Akten,de
maschendraht,item.maschendraht.title,Maschendraht,de
urinale,item.urinale.title,Urinale,de
styropord_mmung,item.styropord_mmung.title,Styropordämmung,de
tonb_nder,item.tonb_nder.title,Tonbänder,de
trinkbecher,item.trinkbecher.title,Trinkbecher,de
autoreifen,item.autoreifen.title,Autoreifen,de
barometer,item.barometer.title,Barometer,de
waagen_mechanisch,item.waagen_mechanisch.title,Waagen (mechanisch),de
schr_nke,item.schr_nke.title,Schränke,de
gr_nschnitt,item.gr_nschnitt.title,Grünschnitt,de
gekochtes,item.gekochtes.title,Gekochtes,de
werkzeuge,item.werkzeuge.title,Werkzeuge,de
spielkarten,item.spielkarten.title,Spielkarten,de
cd_player,item.cd_player.title,CD-Player,de
funkger_te,item.funkger_te.title,Funkgeräte,de
rucksack,item.rucksack.title,Rucksack,de
f_sser_kunststoff,item.f_sser_kunststoff.title,Fässer (Kunststoff),de
laptops,item.laptops.title,Laptops,de
dosen,item.dosen.title,Dosen,de
fotochemikalien_fl_ssig,item.fotochemikalien_fl_ssig.title,Fotochemikalien (flüssig),de
asbest,item.asbest.title,Asbest,de
kondome,item.kondome.title,Kondome,de
teewagen,item.teewagen.title,Teewagen,de
k_hlschrank,item.k_hlschrank.title,Kühlschrank,de
skateboards,item.skateboards.title,Skateboards,de
spritzasbest,item.spritzasbest.title,Spritzasbest,de
elektroherde,item.elektroherde.title,Elektroherde,de
nagellackentferner,item.nagellackentferner.title,Nagellackentferner,de
eternit,item.eternit.title,Eternit,de
badewannen_aus_metall,item.badewannen_aus_metall.title,Badewannen aus Metall,de
bodenbel_ge,item.bodenbel_ge.title,Bodenbeläge,de
thermoskannen,item.thermoskannen.title,Thermoskannen,de
tampons,item.tampons.title,Tampons,de
vollholz_au_enbereich,item.vollholz_au_enbereich.title,Vollholz (Außenbereich),de
sanit_rreiniger,item.sanit_rreiniger.title,Sanitärreiniger,de
coffee_to_go_einwegbecher,item.coffee_to_go_einwegbecher.title,Coffee-to-go-Einwegbecher,de
bauholz,item.bauholz.title,Bauholz,de
ofen_metall,item.ofen_metall.title,Ofen (Metall),de
b_gelbretter,item.b_gelbretter.title,Bügelbretter,de
asbestzement,item.asbestzement.title,Asbestzement,de
sideboards,item.sideboards.title,Sideboards,de
lockenstab,item.lockenstab.title,Lockenstab,de
backpapier,item.backpapier.title,Backpapier,de
badewannen_aus_kunststoff,item.badewannen_aus_kunststoff.title,Badewannen aus Kunststoff,de
tonbandger_te,item.tonbandger_te.title,Tonbandgeräte,de
buffets,item.buffets.title,Buffets,de
hut,item.hut.title,Hut,de
altholz_au_enbereich,item.altholz_au_enbereich.title,Altholz (Außenbereich),de
schlafs_cke,item.schlafs_cke.title,Schlafsäcke,de
resopalplatten,item.resopalplatten.title,Resopalplatten,de
kosmetikt_cher,item.kosmetikt_cher.title,Kosmetiktücher,de
kassenbon,item.kassenbon.title,Kassenbon,de
quecksilberthermometer,item.quecksilberthermometer.title,Quecksilberthermometer,de
akten_vertraulich,item.akten_vertraulich.title,Akten (vertraulich),de
teppichboden,item.teppichboden.title,Teppichboden,de
steingut,item.steingut.title,Steingut,de
rattengift,item.rattengift.title,Rattengift,de
k_hlschr_nke,item.k_hlschr_nke.title,Kühlschränke,de
tabletten,item.tabletten.title,Tabletten,de
regentonne_kunststoff,item.regentonne_kunststoff.title,Regentonne (Kunststoff),de
gardinenstange,item.gardinenstange.title,Gardinenstange,de
kunststoffrohre,item.kunststoffrohre.title,Kunststoffrohre,de
pappe,item.pappe.title,Pappe,de
haushaltsw_sche,item.haushaltsw_sche.title,Haushaltswäsche,de
diesel_l,item.diesel_l.title,Dieselöl,de
br_tchen,item.br_tchen.title,Brötchen,de
schrauben,item.schrauben.title,Schrauben,de
putz,item.putz.title,Putz,de
rasenschnitt,item.rasenschnitt.title,Rasenschnitt,de
kunststoffverschluss,item.kunststoffverschluss.title,Kunststoffverschluss,de
audiokassetten,item.audiokassetten.title,Audiokassetten,de
sauerkrautplatten,item.sauerkrautplatten.title,Sauerkrautplatten,de
klebeb_nder,item.klebeb_nder.title,Klebebänder,de
insektizide,item.insektizide.title,Insektizide,de
einwegbesteck,item.einwegbesteck.title,Einwegbesteck,de
styroporverpackungen,item.styroporverpackungen.title,Styroporverpackungen,de
co2_l_scher,item.co2_l_scher.title,CO2-Löscher,de
kunststoffverschl_sse,item.kunststoffverschl_sse.title,Kunststoffverschlüsse,de
b_lle_leder,item.b_lle_leder.title,Bälle (Leder),de
frisierstab,item.frisierstab.title,Frisierstab,de
schleifpapier_schleifscheiben,item.schleifpapier_schleifscheiben.title,"Schleifpapier, Schleifscheiben",de
schaukelst_hle,item.schaukelst_hle.title,Schaukelstühle,de
gehwegplatten,item.gehwegplatten.title,Gehwegplatten,de
luftpumpen_metall,item.luftpumpen_metall.title,Luftpumpen (Metall),de
plastikt_ten,item.plastikt_ten.title,Plastiktüten,de
schuhcremes,item.schuhcremes.title,Schuhcremes,de
toilettenbecken,item.toilettenbecken.title,Toilettenbecken,de
bauabf_lle,item.bauabf_lle.title,Bauabfälle,de
rolll_den_aus_holz,item.rolll_den_aus_holz.title,Rollläden aus Holz,de
gem_se,item.gem_se.title,Gemüse,de
eierkocher,item.eierkocher.title,Eierkocher,de
kunststofftuben,item.kunststofftuben.title,Kunststofftuben,de
druckgasflaschen,item.druckgasflaschen.title,Druckgasflaschen,de
k_chenrolle_benutzt,item.k_chenrolle_benutzt.title,Küchenrolle (benutzt),de
autobatterien,item.autobatterien.title,Autobatterien,de
dvds,item.dvds.title,DVDs,de
gummi,item.gummi.title,Gummi,de
klebeband,item.klebeband.title,Klebeband,de
blei_metall,item.blei_metall.title,Blei (Metall),de
entwicklungsbad,item.entwicklungsbad.title,Entwicklungsbad,de
frittierfett_fest,item.frittierfett_fest.title,Frittierfett (fest),de
laborgl_ser,item.laborgl_ser.title,Laborgläser,de
wolldecken,item.wolldecken.title,Wolldecken,de
gartenschlauch,item.gartenschlauch.title,Gartenschlauch,de
bohrmaschinen,item.bohrmaschinen.title,Bohrmaschinen,de
bekleidung,item.bekleidung.title,Bekleidung,de
gebrauchsgegenstand_kunststoff,item.gebrauchsgegenstand_kunststoff.title,Gebrauchsgegenstand (Kunststoff),de
bilderrahmen_klein_holz,item.bilderrahmen_klein_holz.title,"Bilderrahmen, klein (Holz)",de
lattenroste,item.lattenroste.title,Lattenroste,de
tierk_fige,item.tierk_fige.title,Tierkäfige,de
schadstoffe,item.schadstoffe.title,Schadstoffe,de
k_chenmaschine,item.k_chenmaschine.title,Küchenmaschine,de
chlormittel_f_r_schwimmbecken,item.chlormittel_f_r_schwimmbecken.title,Chlormittel für Schwimmbecken,de
videorekorder,item.videorekorder.title,Videorekorder,de
klebstoffe,item.klebstoffe.title,Klebstoffe,de
schreibmaschine_elektrisch,item.schreibmaschine_elektrisch.title,Schreibmaschine (elektrisch),de
fahrrad,item.fahrrad.title,Fahrrad,de
asbestschn_re,item.asbestschn_re.title,Asbestschnüre,de
postkarten,item.postkarten.title,Postkarten,de
beetumrandungen_eternit_asbestzement,item.beetumrandungen_eternit_asbestzement.title,Beetumrandungen (Eternit / Asbestzement),de
butangasflaschen,item.butangasflaschen.title,Butangasflaschen,de
fernsehger_te,item.fernsehger_te.title,Fernsehgeräte,de
w_scheschleuder,item.w_scheschleuder.title,Wäscheschleuder,de
gasbeton,item.gasbeton.title,Gasbeton,de
fensterrahmen_aus_kunststoff,item.fensterrahmen_aus_kunststoff.title,Fensterrahmen (aus Kunststoff),de
waschbenzin,item.waschbenzin.title,Waschbenzin,de
b_rsten_kunststoff,item.b_rsten_kunststoff.title,Bürsten (Kunststoff),de
dachpappenrollen,item.dachpappenrollen.title,Dachpappenrollen,de
grasschnitt,item.grasschnitt.title,Grasschnitt,de
kunststoffsch_sseln,item.kunststoffsch_sseln.title,Kunststoffschüsseln,de
ni_cd_akkus,item.ni_cd_akkus.title,Ni-Cd-Akkus,de
fleckenentferner,item.fleckenentferner.title,Fleckenentferner,de
patronenh_lsen,item.patronenh_lsen.title,Patronenhülsen,de
gartenzaun_aus_holz,item.gartenzaun_aus_holz.title,Gartenzaun aus Holz,de
pvc_belag,item.pvc_belag.title,PVC-Belag,de
h_lzer_frei_von_holzschutzmitteln,item.h_lzer_frei_von_holzschutzmitteln.title,"Hölzer, frei von Holzschutzmitteln",de
zahnb_rsten,item.zahnb_rsten.title,Zahnbürsten,de
spiegelscherben,item.spiegelscherben.title,Spiegelscherben,de
gartenz_une_aus_holz,item.gartenz_une_aus_holz.title,Gartenzäune aus Holz,de
thermopapier,item.thermopapier.title,Thermopapier,de
glasscheiben,item.glasscheiben.title,Glasscheiben,de
t_ren_aus_holz_innenbereich,item.t_ren_aus_holz_innenbereich.title,Türen aus Holz (Innenbereich),de
parkettschleifstaub,item.parkettschleifstaub.title,Parkettschleifstaub,de
pvc_bodenbel_ge,item.pvc_bodenbel_ge.title,PVC-Bodenbeläge,de
cerankochfelder,item.cerankochfelder.title,Cerankochfelder,de
packpapier,item.packpapier.title,Packpapier,de
gl_hlampen_ausgenommen_sind_energiesparlampen_und_leds,item.gl_hlampen_ausgenommen_sind_energiesparlampen_und_leds.title,Glühlampen (ausgenommen sind Energiesparlampen und LEDs),de
rollos,item.rollos.title,Rollos,de
leimfarben,item.leimfarben.title,Leimfarben,de
laborglas,item.laborglas.title,Laborglas,de
windeln_einweg,item.windeln_einweg.title,Windeln (Einweg),de
joghurtbecher,item.joghurtbecher.title,Joghurtbecher,de
l_sungsmittel,item.l_sungsmittel.title,Lösungsmittel,de
waschmittel,item.waschmittel.title,Waschmittel,de
n_hmaschinen_elektrisch,item.n_hmaschinen_elektrisch.title,Nähmaschinen (elektrisch),de
benzin,item.benzin.title,Benzin,de
spielzeug_kunststoff,item.spielzeug_kunststoff.title,Spielzeug (Kunststoff),de
knopfzellen,item.knopfzellen.title,Knopfzellen,de
eternitplatten,item.eternitplatten.title,Eternitplatten,de
heiz_l,item.heiz_l.title,Heizöl,de
kassettenabspieler,item.kassettenabspieler.title,Kassettenabspieler,de
rindenmulch,item.rindenmulch.title,Rindenmulch,de
quecksilberdampflampen,item.quecksilberdampflampen.title,Quecksilberdampflampen,de
rasenm_her_benzinmotor,item.rasenm_her_benzinmotor.title,"Rasenmäher, Benzinmotor",de
bauh_lzer,item.bauh_lzer.title,Bauhölzer,de
hollywoodschaukeln,item.hollywoodschaukeln.title,Hollywoodschaukeln,de
fugenmassen,item.fugenmassen.title,Fugenmassen,de
schmierfette,item.schmierfette.title,Schmierfette,de
weihnachtsb_ume,item.weihnachtsb_ume.title,Weihnachtsbäume,de
k_chenkrepp_benutzt,item.k_chenkrepp_benutzt.title,Küchenkrepp (benutzt),de
fass_kunststoff,item.fass_kunststoff.title,Fass (Kunststoff),de
fenster_komplett,item.fenster_komplett.title,Fenster (komplett),de
metallofen,item.metallofen.title,Metallofen,de
videokamera,item.videokamera.title,Videokamera,de
dekorplatten_aus_styropor,item.dekorplatten_aus_styropor.title,Dekorplatten aus Styropor,de
diaprojektoren,item.diaprojektoren.title,Diaprojektoren,de
pizzakartons_mit_alufolie,item.pizzakartons_mit_alufolie.title,Pizzakartons (mit Alufolie),de
polyurethanschaum_dosen,item.polyurethanschaum_dosen.title,Polyurethanschaum (Dosen),de
handmixer,item.handmixer.title,Handmixer,de
pressspanplatten,item.pressspanplatten.title,Pressspanplatten,de
pflanzen,item.pflanzen.title,Pflanzen,de
tapeten,item.tapeten.title,Tapeten,de
b_gelmaschinen,item.b_gelmaschinen.title,Bügelmaschinen,de
tierstreu,item.tierstreu.title,Tierstreu,de
acrylharzlacke,item.acrylharzlacke.title,Acrylharzlacke,de
neonr_hren,item.neonr_hren.title,Neonröhren,de
bodenbelag,item.bodenbelag.title,Bodenbelag,de
rollstuhl_elektrisch,item.rollstuhl_elektrisch.title,Rollstuhl (elektrisch),de
sportger_te_gro,item.sportger_te_gro.title,"Sportgeräte, groß",de
konservengl_ser,item.konservengl_ser.title,Konservengläser,de
pappbecher_beschichtet,item.pappbecher_beschichtet.title,Pappbecher (beschichtet),de
stammholz,item.stammholz.title,Stammholz,de
aufschnitt,item.aufschnitt.title,Aufschnitt,de
gro_m_bel_zerlegt,item.gro_m_bel_zerlegt.title,Großmöbel (zerlegt),de
corona_schnelltest_privathaushalt,item.corona_schnelltest_privathaushalt.title,Corona Schnelltest (Privathaushalt),de
hygienepapier,item.hygienepapier.title,Hygienepapier,de
eimer,item.eimer.title,Eimer,de
glasflaschen,item.glasflaschen.title,Glasflaschen,de
innent_ren_aus_holz,item.innent_ren_aus_holz.title,Innentüren aus Holz,de
verpackungen,item.verpackungen.title,Verpackungen,de
einweggeschirr,item.einweggeschirr.title,Einweggeschirr,de
pool_chlor,item.pool_chlor.title,Pool-Chlor,de
luftfilter,item.luftfilter.title,Luftfilter,de
fertigputz_fl_ssig,item.fertigputz_fl_ssig.title,Fertigputz (flüssig),de
d_mmmaterialien,item.d_mmmaterialien.title,Dämmmaterialien,de
feuerwerksk_rper,item.feuerwerksk_rper.title,Feuerwerkskörper,de
abflussreiniger,item.abflussreiniger.title,Abflussreiniger,de
strauchschnitt,item.strauchschnitt.title,Strauchschnitt,de
gebrauchsgegenst_nde_kunststoff,item.gebrauchsgegenst_nde_kunststoff.title,Gebrauchsgegenstände (Kunststoff),de
kleidung,item.kleidung.title,Kleidung,de
computerpapier,item.computerpapier.title,Computerpapier,de
blumenerde,item.blumenerde.title,Blumenerde,de
schuhschr_nke,item.schuhschr_nke.title,Schuhschränke,de
f_hne,item.f_hne.title,Föhne,de
schalen_von_zitrusfr_chten,item.schalen_von_zitrusfr_chten.title,Schalen von Zitrusfrüchten,de
pvc_bel_ge,item.pvc_bel_ge.title,PVC-Beläge,de
pergolen,item.pergolen.title,Pergolen,de
k_hlerfl_ssigkeit,item.k_hlerfl_ssigkeit.title,Kühlerflüssigkeit,de
papiertaschent_cher,item.papiertaschent_cher.title,Papiertaschentücher,de
kaugummis,item.kaugummis.title,Kaugummis,de
haushaltsgegenstand,item.haushaltsgegenstand.title,Haushaltsgegenstand,de
discmen,item.discmen.title,Discmen,de
baumschnitt,item.baumschnitt.title,Baumschnitt,de
alkhydharzlacke,item.alkhydharzlacke.title,Alkhydharzlacke,de
industriebatterie,item.industriebatterie.title,Industriebatterie,de
steinwolle,item.steinwolle.title,Steinwolle,de
tapetenkleister,item.tapetenkleister.title,Tapetenkleister,de
klinker,item.klinker.title,Klinker,de
glasscherben,item.glasscherben.title,Glasscherben,de
sonderm_ll,item.sonderm_ll.title,Sondermüll,de
feuerfeste_gl_ser,item.feuerfeste_gl_ser.title,Feuerfeste Gläser,de
fixierb_der,item.fixierb_der.title,Fixierbäder,de
toilettensp_lkasten,item.toilettensp_lkasten.title,Toilettenspülkasten,de
schaukelstuhl,item.schaukelstuhl.title,Schaukelstuhl,de
eternitblumenk_sten,item.eternitblumenk_sten.title,Eternitblumenkästen,de
toilettensp_lk_sten,item.toilettensp_lk_sten.title,Toilettenspülkästen,de
heftklammern,item.heftklammern.title,Heftklammern,de
schuhschrank,item.schuhschrank.title,Schuhschrank,de
vollh_lzer_innenbereich,item.vollh_lzer_innenbereich.title,Vollhölzer (Innenbereich),de
sauna_fen,item.sauna_fen.title,Saunaöfen,de
montageschaum,item.montageschaum.title,Montageschaum,de
videokassetten,item.videokassetten.title,Videokassetten,de
herbizide,item.herbizide.title,Herbizide,de
k_hlmittel_solaranlagen,item.k_hlmittel_solaranlagen.title,Kühlmittel (Solaranlagen),de
rasierer_elektrisch,item.rasierer_elektrisch.title,Rasierer (elektrisch),de
glas,item.glas.title,Glas,de
bildschirme,item.bildschirme.title,Bildschirme,de
asbestpappen,item.asbestpappen.title,Asbestpappen,de
geschirrsp_lmittel,item.geschirrsp_lmittel.title,Geschirrspülmittel,de
trinkgl_ser,item.trinkgl_ser.title,Trinkgläser,de
aktenordner,item.aktenordner.title,Aktenordner,de
papiert_ten,item.papiert_ten.title,Papiertüten,de
vorh_nge,item.vorh_nge.title,Vorhänge,de
holzwurmmittel,item.holzwurmmittel.title,Holzwurmmittel,de
fensterrahmen_aus_metall,item.fensterrahmen_aus_metall.title,Fensterrahmen (aus Metall),de
porzellan,item.porzellan.title,Porzellan,de
fungizide,item.fungizide.title,Fungizide,de
kabelreste,item.kabelreste.title,Kabelreste,de
blumentopf_kunststoff,item.blumentopf_kunststoff.title,Blumentopf (Kunststoff),de
mineralfaserplatten,item.mineralfaserplatten.title,Mineralfaserplatten,de
farbrollen,item.farbrollen.title,Farbrollen,de
geschirrsp_lmaschinen,item.geschirrsp_lmaschinen.title,Geschirrspülmaschinen,de
trinkp_ckchen,item.trinkp_ckchen.title,Trinkpäckchen,de
fieberthermometer,item.fieberthermometer.title,Fieberthermometer,de
gummistiefel,item.gummistiefel.title,Gummistiefel,de
wasserkocher,item.wasserkocher.title,Wasserkocher,de
nitroverd_nnung,item.nitroverd_nnung.title,Nitroverdünnung,de
filzstifte,item.filzstifte.title,Filzstifte,de
polyester_profilplatten,item.polyester_profilplatten.title,Polyester Profilplatten,de
terpentinersatz,item.terpentinersatz.title,Terpentinersatz,de
teppichfliesen,item.teppichfliesen.title,Teppichfliesen,de
abdeckfolien,item.abdeckfolien.title,Abdeckfolien,de
bahnschwellen,item.bahnschwellen.title,Bahnschwellen,de
leuchtstofflampen,item.leuchtstofflampen.title,Leuchtstofflampen,de
haushaltsgegenst_nde,item.haushaltsgegenst_nde.title,Haushaltsgegenstände,de
dunstabzugshauben,item.dunstabzugshauben.title,Dunstabzugshauben,de
d_nger,item.d_nger.title,Dünger,de
kartuschen_f_r_wasserfilter,item.kartuschen_f_r_wasserfilter.title,Kartuschen für Wasserfilter,de
schlafsack,item.schlafsack.title,Schlafsack,de
gummihandschuhe,item.gummihandschuhe.title,Gummihandschuhe,de
tischtennisplatten,item.tischtennisplatten.title,Tischtennisplatten,de
lederreste,item.lederreste.title,Lederreste,de
drucker,item.drucker.title,Drucker,de
d_mmmaterial,item.d_mmmaterial.title,Dämmmaterial,de
k_chengeschirr,item.k_chengeschirr.title,Küchengeschirr,de
koffer_gro,item.koffer_gro.title,Koffer (groß),de
montagesch_ume,item.montagesch_ume.title,Montageschäume,de
zimmerpflanzen,item.zimmerpflanzen.title,Zimmerpflanzen,de
bettw_sche,item.bettw_sche.title,Bettwäsche,de
bauschutt,item.bauschutt.title,Bauschutt,de
oberbetten,item.oberbetten.title,Oberbetten,de
vollh_lzer_au_enbereich,item.vollh_lzer_au_enbereich.title,Vollhölzer (Außenbereich),de
pvc_rohr,item.pvc_rohr.title,PVC-Rohr,de
pillen,item.pillen.title,Pillen,de
kfz_reifen,item.kfz_reifen.title,Kfz-Reifen,de
lebensmittel_berlagert,item.lebensmittel_berlagert.title,Lebensmittel (überlagert),de
ammoniak,item.ammoniak.title,Ammoniak,de
sprengstoffe,item.sprengstoffe.title,Sprengstoffe,de
leuchtstoffr_hren,item.leuchtstoffr_hren.title,Leuchtstoffröhren,de
chlorreiniger,item.chlorreiniger.title,Chlorreiniger,de
duschvorhang_kunststoff,item.duschvorhang_kunststoff.title,Duschvorhang (Kunststoff),de
gartenzwerge_kunststoff,item.gartenzwerge_kunststoff.title,Gartenzwerge (Kunststoff),de
keramikgeschirr,item.keramikgeschirr.title,Keramikgeschirr,de
rasierapparat,item.rasierapparat.title,Rasierapparat,de
briefumschlag,item.briefumschlag.title,Briefumschlag,de
grillasche,item.grillasche.title,Grillasche,de
asphaltreste,item.asphaltreste.title,Asphaltreste,de
lasuren,item.lasuren.title,Lasuren,de
altpapier,item.altpapier.title,Altpapier,de
monitore,item.monitore.title,Monitore,de
blument_pfe_ton,item.blument_pfe_ton.title,Blumentöpfe (Ton),de
kunstharzverd_nnung,item.kunstharzverd_nnung.title,Kunstharzverdünnung,de
backofen_elektrisch,item.backofen_elektrisch.title,Backofen (elektrisch),de
doppelsp_le_metall,item.doppelsp_le_metall.title,Doppelspüle (Metall),de
laufgitter,item.laufgitter.title,Laufgitter,de
kinderwagen,item.kinderwagen.title,Kinderwagen,de
schreibpapier,item.schreibpapier.title,Schreibpapier,de
infekti_se_abf_lle,item.infekti_se_abf_lle.title,Infektiöse Abfälle,de
farbverd_nner,item.farbverd_nner.title,Farbverdünner,de
golfschl_ger,item.golfschl_ger.title,Golfschläger,de
briefpapier,item.briefpapier.title,Briefpapier,de
b_lle_kunststoff,item.b_lle_kunststoff.title,Bälle (Kunststoff),de
kinderbetten,item.kinderbetten.title,Kinderbetten,de
kanister_metall,item.kanister_metall.title,Kanister (Metall),de
gipskartonplatten,item.gipskartonplatten.title,Gipskartonplatten,de
taschenrechner,item.taschenrechner.title,Taschenrechner,de
haushaltsbatterien,item.haushaltsbatterien.title,Haushaltsbatterien,de
aquarien,item.aquarien.title,Aquarien,de
entwickler,item.entwickler.title,Entwickler,de
verst_rker,item.verst_rker.title,Verstärker,de
photovoltaikmodule,item.photovoltaikmodule.title,Photovoltaikmodule,de
vapes_e_zigarette,item.vapes_e_zigarette.title,Vapes (E-Zigarette),de
kanister_kunststoff,item.kanister_kunststoff.title,Kanister (Kunststoff),de
bilderrahmen_klein_metall,item.bilderrahmen_klein_metall.title,"Bilderrahmen, klein (Metall)",de
t_rblatt,item.t_rblatt.title,Türblatt,de
ball_kunststoff,item.ball_kunststoff.title,Ball (Kunststoff),de
futons,item.futons.title,Futons,de
k_chenabfall,item.k_chenabfall.title,Küchenabfall,de
fass_metall,item.fass_metall.title,Fass (Metall),de
unterbodenschutz,item.unterbodenschutz.title,Unterbodenschutz,de
campinggaskartusche,item.campinggaskartusche.title,Campinggaskartusche,de
zweige,item.zweige.title,Zweige,de
motorradreifen,item.motorradreifen.title,Motorradreifen,de
w_schetruhe,item.w_schetruhe.title,Wäschetruhe,de
kunststoffflaschen,item.kunststoffflaschen.title,Kunststoffflaschen,de
heimtrainer,item.heimtrainer.title,Heimtrainer,de
biokunststoff,item.biokunststoff.title,Biokunststoff,de
textmarker,item.textmarker.title,Textmarker,de
backofenreiniger,item.backofenreiniger.title,Backofenreiniger,de
holzschutzgrundierung,item.holzschutzgrundierung.title,Holzschutzgrundierung,de
malervlies,item.malervlies.title,Malervlies,de
ofenabbruch,item.ofenabbruch.title,Ofenabbruch,de
elektroger_te,item.elektroger_te.title,Elektrogeräte,de
speise_le,item.speise_le.title,Speiseöle,de
heizl_fter,item.heizl_fter.title,Heizlüfter,de
kaltanstriche_bitumenl_sung,item.kaltanstriche_bitumenl_sung.title,Kaltanstriche (Bitumenlösung),de
rohrabschnitte,item.rohrabschnitte.title,Rohrabschnitte,de
pflanzk_bel_kunststoff,item.pflanzk_bel_kunststoff.title,Pflanzkübel (Kunststoff),de
alttextilien_schuhe,item.alttextilien_schuhe.title,"Alttextilien, Schuhe",de
buch,item.buch.title,Buch,de
couchen,item.couchen.title,Couchen,de
plastikb_gel,item.plastikb_gel.title,Plastikbügel,de
industrie_altbatterie,item.industrie_altbatterie.title,Industrie-Altbatterie,de
ambrosiapflanzen,item.ambrosiapflanzen.title,Ambrosiapflanzen,de
kaltreiniger,item.kaltreiniger.title,Kaltreiniger,de
zeitschriften,item.zeitschriften.title,Zeitschriften,de
harzr_ckst_nde_fl_ssig,item.harzr_ckst_nde_fl_ssig.title,Harzrückstände (flüssig),de
kehricht_haushalt,item.kehricht_haushalt.title,Kehricht (Haushalt),de
kaffeekapsel,item.kaffeekapsel.title,Kaffeekapsel,de
handtaschen,item.handtaschen.title,Handtaschen,de
senfgl_ser,item.senfgl_ser.title,Senfgläser,de
bodenaushub_nicht_kontaminiert,item.bodenaushub_nicht_kontaminiert.title,Bodenaushub (nicht kontaminiert),de
ball_leder,item.ball_leder.title,Ball (Leder),de
polsterm_bel,item.polsterm_bel.title,Polstermöbel,de
elektronikschrott,item.elektronikschrott.title,Elektronikschrott,de
fliesen,item.fliesen.title,Fliesen,de
filterpatronen_f_r_wasserfilter,item.filterpatronen_f_r_wasserfilter.title,Filterpatronen für Wasserfilter,de
soda,item.soda.title,Soda,de
kristallgl_ser,item.kristallgl_ser.title,Kristallgläser,de
zelte,item.zelte.title,Zelte,de
lkanister_speise_l,item.lkanister_speise_l.title,Ölkanister (Speiseöl),de
servietten,item.servietten.title,Servietten,de
pflanzk_bel_eternit_asbestzement,item.pflanzk_bel_eternit_asbestzement.title,Pflanzkübel (Eternit / Asbestzement),de
glasbausteine,item.glasbausteine.title,Glasbausteine,de
w_schest_nder,item.w_schest_nder.title,Wäscheständer,de
k_ltemittel_fckw,item.k_ltemittel_fckw.title,Kältemittel (FCKW),de
kerzen_kerzenreste,item.kerzen_kerzenreste.title,"Kerzen, Kerzenreste",de
tierkadaver,item.tierkadaver.title,Tierkadaver,de
kachel_fen,item.kachel_fen.title,Kachelöfen,de
gie_kannen,item.gie_kannen.title,Gießkannen,de
zement,item.zement.title,Zement,de
pulverl_scher,item.pulverl_scher.title,Pulverlöscher,de
spraydosen_mit_gefahrstoffzeichen,item.spraydosen_mit_gefahrstoffzeichen.title,Spraydosen mit Gefahrstoffzeichen,de
plastikflaschen,item.plastikflaschen.title,Plastikflaschen,de
bretter,item.bretter.title,Bretter,de
korkrindenst_cke,item.korkrindenst_cke.title,Korkrindenstücke,de
chemiebaukasten,item.chemiebaukasten.title,Chemiebaukasten,de
elektrowerkzeuge,item.elektrowerkzeuge.title,Elektrowerkzeuge,de
hausbars,item.hausbars.title,Hausbars,de
druckerpatronen,item.druckerpatronen.title,Druckerpatronen,de
waffen,item.waffen.title,Waffen,de
damenbinden,item.damenbinden.title,Damenbinden,de
lampenschirme,item.lampenschirme.title,Lampenschirme,de
linoleum,item.linoleum.title,Linoleum,de
rasend_nger,item.rasend_nger.title,Rasendünger,de
munition,item.munition.title,Munition,de
d_mmplatten_aus_styropor,item.d_mmplatten_aus_styropor.title,Dämmplatten aus Styropor,de
spiegel,item.spiegel.title,Spiegel,de
diktierger_te,item.diktierger_te.title,Diktiergeräte,de
ste,item.ste.title,Äste,de
batterieladeger_te,item.batterieladeger_te.title,Batterieladegeräte,de
silberputzmittel,item.silberputzmittel.title,Silberputzmittel,de
betten,item.betten.title,Betten,de
erde_bodenaushub,item.erde_bodenaushub.title,Erde (Bodenaushub),de
espressomaschinen,item.espressomaschinen.title,Espressomaschinen,de
mineralwolle,item.mineralwolle.title,Mineralwolle,de
kugelschreiber,item.kugelschreiber.title,Kugelschreiber,de
stuhl,item.stuhl.title,Stuhl,de
fen_metall,item.fen_metall.title,Öfen (Metall),de
essensreste_gekocht,item.essensreste_gekocht.title,Essensreste (gekocht),de
plattenspieler,item.plattenspieler.title,Plattenspieler,de
arbeitsplatten_aus_holz,item.arbeitsplatten_aus_holz.title,Arbeitsplatten aus Holz,de
autoradios,item.autoradios.title,Autoradios,de
brillen,item.brillen.title,Brillen,de
lradiatoren,item.lradiatoren.title,Ölradiatoren,de
petroleum,item.petroleum.title,Petroleum,de
kristallglas,item.kristallglas.title,Kristallglas,de
unkrautvernichtungsmittel,item.unkrautvernichtungsmittel.title,Unkrautvernichtungsmittel,de
tonband,item.tonband.title,Tonband,de
j_gerzaun,item.j_gerzaun.title,Jägerzaun,de
zahnb_rste_elektrisch,item.zahnb_rste_elektrisch.title,Zahnbürste (elektrisch),de
vollgummireifen,item.vollgummireifen.title,Vollgummireifen,de
weichsp_ler,item.weichsp_ler.title,Weichspüler,de
lackabbeizer,item.lackabbeizer.title,Lackabbeizer,de
nachtspeicherofen,item.nachtspeicherofen.title,Nachtspeicherofen,de
blu_ray,item.blu_ray.title,Blu-Ray,de
fensterglasscheiben,item.fensterglasscheiben.title,Fensterglasscheiben,de
konvektoren_heizk_rper,item.konvektoren_heizk_rper.title,Konvektoren (Heizkörper),de
abbeizer_f_r_lacke,item.abbeizer_f_r_lacke.title,Abbeizer für Lacke,de
bauschaum_dosen,item.bauschaum_dosen.title,Bauschaum (Dosen),de
plastikgeschirr_einweg,item.plastikgeschirr_einweg.title,Plastikgeschirr (Einweg),de
dispersionsfarben,item.dispersionsfarben.title,Dispersionsfarben,de
frittier_le,item.frittier_le.title,Frittieröle,de
lachgaskartusche_voll_und_nicht_vollst_ndig_entleert,item.lachgaskartusche_voll_und_nicht_vollst_ndig_entleert.title,Lachgaskartusche (voll und nicht vollständig entleert),de
nussschalen,item.nussschalen.title,Nussschalen,de
gasherde,item.gasherde.title,Gasherde,de
impr_gniermittel,item.impr_gniermittel.title,Imprägniermittel,de
saftkartons,item.saftkartons.title,Saftkartons,de
jalousien_aus_holz_au_enbereich,item.jalousien_aus_holz_au_enbereich.title,Jalousien aus Holz (Außenbereich),de
spielzeug_metall,item.spielzeug_metall.title,Spielzeug (Metall),de
kupfer_kupferrohre,item.kupfer_kupferrohre.title,"Kupfer, Kupferrohre",de
